<?xml version="1.0" encoding="UTF-8"?>
<model:ChartWithoutAxes xmlns:xsi="http://www.w3.org/2001/XMLSchema-instance" xmlns:attribute="http://www.birt.eclipse.org/ChartModelAttribute" xmlns:layout="http://www.birt.eclipse.org/ChartModelLayout" xmlns:model="http://www.birt.eclipse.org/ChartModel" xmlns:type="http://www.birt.eclipse.org/ChartModelType">
  <Type>Pie Chart</Type>
  <Block>
    <Children xsi:type="layout:TitleBlock">
      <Bounds>
        <Left>0.0</Left>
        <Top>0.0</Top>
        <Width>0.0</Width>
        <Height>0.0</Height>
      </Bounds>
      <Insets>
        <Top>3.0</Top>
        <Left>3.0</Left>
        <Bottom>3.0</Bottom>
        <Right>3.0</Right>
      </Insets>
      <Row>-1</Row>
      <Column>-1</Column>
      <Rowspan>-1</Rowspan>
      <Columnspan>-1</Columnspan>
      <Outline>
        <Style>Solid</Style>
        <Thickness>1</Thickness>
        <Color>
          <Transparency>255</Transparency>
          <Red>0</Red>
          <Green>0</Green>
          <Blue>0</Blue>
        </Color>
        <Visible>false</Visible>
      </Outline>
      <Visible>false</Visible>
      <Label>
        <Caption>
          <Value>Chart Title</Value>
          <Font>
            <Size>16.0</Size>
            <Bold>true</Bold>
            <Alignment>
              <horizontalAlignment>Center</horizontalAlignment>
              <verticalAlignment>Center</verticalAlignment>
            </Alignment>
          </Font>
        </Caption>
        <Background xsi:type="attribute:ColorDefinition">
          <Transparency>0</Transparency>
          <Red>255</Red>
          <Green>255</Green>
          <Blue>255</Blue>
        </Background>
        <Outline>
          <Style>Solid</Style>
          <Thickness>1</Thickness>
          <Color>
            <Transparency>255</Transparency>
            <Red>0</Red>
            <Green>0</Green>
            <Blue>0</Blue>
          </Color>
        </Outline>
        <Insets>
          <Top>0.0</Top>
          <Left>2.0</Left>
          <Bottom>0.0</Bottom>
          <Right>3.0</Right>
        </Insets>
        <Visible>true</Visible>
      </Label>
    </Children>
    <Children xsi:type="layout:Plot">
      <Bounds>
        <Left>0.0</Left>
        <Top>0.0</Top>
        <Width>0.0</Width>
        <Height>0.0</Height>
      </Bounds>
      <Anchor>North</Anchor>
      <Insets>
        <Top>2.0</Top>
        <Left>2.0</Left>
        <Bottom>2.0</Bottom>
        <Right>2.0</Right>
      </Insets>
      <Row>-1</Row>
      <Column>-1</Column>
      <Rowspan>-1</Rowspan>
      <Columnspan>-1</Columnspan>
      <Outline>
        <Style>Solid</Style>
        <Thickness>1</Thickness>
        <Color>
          <Transparency>255</Transparency>
          <Red>0</Red>
          <Green>0</Green>
          <Blue>0</Blue>
        </Color>
        <Visible>false</Visible>
      </Outline>
      <Background xsi:type="attribute:ColorDefinition">
        <Transparency>0</Transparency>
        <Red>255</Red>
        <Green>255</Green>
        <Blue>255</Blue>
      </Background>
      <Visible>true</Visible>
      <HeightHint>-1.0</HeightHint>
      <HorizontalSpacing>0</HorizontalSpacing>
      <VerticalSpacing>0</VerticalSpacing>
      <ClientArea>
        <Background xsi:type="attribute:ColorDefinition">
          <Transparency>0</Transparency>
          <Red>255</Red>
          <Green>255</Green>
          <Blue>255</Blue>
        </Background>
        <Outline>
          <Style>Solid</Style>
          <Thickness>0</Thickness>
          <Color>
            <Transparency>255</Transparency>
            <Red>0</Red>
            <Green>0</Green>
            <Blue>0</Blue>
          </Color>
          <Visible>false</Visible>
        </Outline>
        <ShadowColor>
          <Transparency>0</Transparency>
          <Red>255</Red>
          <Green>255</Green>
          <Blue>255</Blue>
        </ShadowColor>
        <Insets>
          <Top>0.0</Top>
          <Left>0.0</Left>
          <Bottom>0.0</Bottom>
          <Right>0.0</Right>
        </Insets>
      </ClientArea>
    </Children>
    <Children xsi:type="layout:Legend">
      <Bounds>
        <Left>0.0</Left>
        <Top>0.0</Top>
        <Width>0.0</Width>
        <Height>0.0</Height>
      </Bounds>
      <Insets>
        <Top>3.0</Top>
        <Left>3.0</Left>
        <Bottom>3.0</Bottom>
        <Right>3.0</Right>
      </Insets>
      <Row>-1</Row>
      <Column>-1</Column>
      <Rowspan>-1</Rowspan>
      <Columnspan>-1</Columnspan>
      <Outline>
        <Style>Solid</Style>
        <Thickness>1</Thickness>
        <Color>
          <Transparency>255</Transparency>
          <Red>0</Red>
          <Green>0</Green>
          <Blue>0</Blue>
        </Color>
        <Visible>false</Visible>
      </Outline>
      <Background xsi:type="attribute:ColorDefinition">
        <Transparency>0</Transparency>
        <Red>255</Red>
        <Green>255</Green>
        <Blue>255</Blue>
      </Background>
      <Visible>true</Visible>
      <ClientArea>
        <Background xsi:type="attribute:ColorDefinition">
          <Transparency>0</Transparency>
          <Red>255</Red>
          <Green>255</Green>
          <Blue>255</Blue>
        </Background>
        <Outline>
          <Style>Solid</Style>
          <Thickness>0</Thickness>
          <Color>
            <Transparency>255</Transparency>
            <Red>0</Red>
            <Green>0</Green>
            <Blue>0</Blue>
          </Color>
          <Visible>false</Visible>
        </Outline>
        <ShadowColor>
          <Transparency>0</Transparency>
          <Red>255</Red>
          <Green>255</Green>
          <Blue>255</Blue>
        </ShadowColor>
        <Insets>
          <Top>1.0</Top>
          <Left>0.0</Left>
          <Bottom>1.0</Bottom>
          <Right>0.0</Right>
        </Insets>
      </ClientArea>
      <Text>
        <Value></Value>
        <Font>
          <Name>Arial</Name>
          <Size>10.0</Size>
          <Bold>false</Bold>
          <Italic>false</Italic>
          <Strikethrough>false</Strikethrough>
          <Underline>false</Underline>
          <WordWrap>false</WordWrap>
          <Alignment>
            <horizontalAlignment>Left</horizontalAlignment>
            <verticalAlignment>Top</verticalAlignment>
          </Alignment>
        </Font>
        <Color>
          <Transparency>255</Transparency>
          <Red>0</Red>
          <Green>0</Green>
          <Blue>0</Blue>
        </Color>
      </Text>
      <Orientation>Vertical</Orientation>
      <Direction>Top_Bottom</Direction>
      <Separator>
        <Style>Solid</Style>
        <Thickness>1</Thickness>
        <Color>
          <Transparency>255</Transparency>
          <Red>0</Red>
          <Green>0</Green>
          <Blue>0</Blue>
        </Color>
        <Visible>true</Visible>
      </Separator>
      <Position>Right</Position>
      <ItemType>Categories</ItemType>
      <Title>
        <Caption>
          <Value></Value>
          <Font>
            <Alignment/>
          </Font>
        </Caption>
        <Background xsi:type="attribute:ColorDefinition">
          <Transparency>0</Transparency>
          <Red>255</Red>
          <Green>255</Green>
          <Blue>255</Blue>
        </Background>
        <Outline>
          <Style>Solid</Style>
          <Thickness>1</Thickness>
          <Color>
            <Transparency>255</Transparency>
            <Red>0</Red>
            <Green>0</Green>
            <Blue>0</Blue>
          </Color>
          <Visible>false</Visible>
        </Outline>
        <Insets>
          <Top>0.0</Top>
          <Left>2.0</Left>
          <Bottom>0.0</Bottom>
          <Right>3.0</Right>
        </Insets>
        <Visible>false</Visible>
      </Title>
      <TitlePosition>Above</TitlePosition>
    </Children>
    <Bounds>
      <Left>0.0</Left>
      <Top>0.0</Top>
      <Width>0.0</Width>
      <Height>0.0</Height>
    </Bounds>
    <Insets>
      <Top>3.0</Top>
      <Left>3.0</Left>
      <Bottom>3.0</Bottom>
      <Right>3.0</Right>
    </Insets>
    <Row>-1</Row>
    <Column>-1</Column>
    <Rowspan>-1</Rowspan>
    <Columnspan>-1</Columnspan>
    <Outline>
      <Style>Solid</Style>
      <Thickness>1</Thickness>
      <Color>
        <Transparency>255</Transparency>
        <Red>0</Red>
        <Green>0</Green>
        <Blue>0</Blue>
      </Color>
      <Visible>false</Visible>
    </Outline>
    <Visible>true</Visible>
  </Block>
  <Dimension>Two_Dimensional</Dimension>
  <SeriesThickness>10.0</SeriesThickness>
  <GridColumnCount>0</GridColumnCount>
  <Interactivity/>
  <SeriesDefinitions>
    <Query>
      <Definition></Definition>
    </Query>
    <SeriesPalette>
      <Entries xsi:type="attribute:ColorDefinition">
        <Transparency>255</Transparency>
        <Red>255</Red>
        <Green>41</Green>
        <Blue>41</Blue>
      </Entries>
      <Entries xsi:type="attribute:ColorDefinition">
        <Transparency>255</Transparency>
        <Red>255</Red>
        <Green>148</Green>
        <Blue>41</Blue>
      </Entries>
      <Entries xsi:type="attribute:ColorDefinition">
        <Transparency>255</Transparency>
        <Red>255</Red>
        <Green>255</Green>
        <Blue>41</Blue>
      </Entries>
      <Entries xsi:type="attribute:ColorDefinition">
        <Transparency>255</Transparency>
        <Red>148</Red>
        <Green>255</Green>
        <Blue>41</Blue>
      </Entries>
      <Entries xsi:type="attribute:ColorDefinition">
        <Transparency>255</Transparency>
        <Red>0</Red>
        <Green>191</Green>
        <Blue>48</Blue>
      </Entries>
      <Entries xsi:type="attribute:ColorDefinition">
        <Transparency>255</Transparency>
        <Red>41</Red>
        <Green>148</Green>
        <Blue>255</Blue>
      </Entries>
      <Entries xsi:type="attribute:ColorDefinition">
        <Transparency>255</Transparency>
        <Red>0</Red>
        <Green>0</Green>
        <Blue>255</Blue>
      </Entries>
      <Entries xsi:type="attribute:ColorDefinition">
        <Transparency>255</Transparency>
        <Red>96</Red>
        <Green>0</Green>
        <Blue>128</Blue>
      </Entries>
      <Entries xsi:type="attribute:ColorDefinition">
        <Transparency>255</Transparency>
        <Red>255</Red>
        <Green>41</Green>
        <Blue>201</Blue>
      </Entries>
    </SeriesPalette>
    <SeriesDefinitions>
      <Query>
        <Definition></Definition>
      </Query>
      <SeriesPalette>
        <Entries xsi:type="attribute:ColorDefinition">
          <Transparency>255</Transparency>
          <Red>127</Red>
          <Green>127</Green>
          <Blue>127</Blue>
        </Entries>
      </SeriesPalette>
      <Series xsi:type="type:PieSeries">
        <Visible>true</Visible>
        <Label>
          <Caption>
            <Value></Value>
            <Font>
              <Name></Name>
              <Alignment/>
            </Font>
            <Color>
              <Transparency>255</Transparency>
              <Red>0</Red>
              <Green>0</Green>
              <Blue>0</Blue>
            </Color>
          </Caption>
          <Background xsi:type="attribute:ColorDefinition">
            <Transparency>0</Transparency>
            <Red>255</Red>
            <Green>255</Green>
            <Blue>255</Blue>
          </Background>
          <Outline>
            <Style>Solid</Style>
            <Thickness>1</Thickness>
            <Color>
              <Transparency>255</Transparency>
              <Red>0</Red>
              <Green>0</Green>
              <Blue>0</Blue>
            </Color>
            <Visible>false</Visible>
          </Outline>
          <ShadowColor>
            <Transparency>0</Transparency>
            <Red>255</Red>
            <Green>255</Green>
            <Blue>255</Blue>
          </ShadowColor>
          <Insets>
            <Top>0.0</Top>
            <Left>2.0</Left>
            <Bottom>0.0</Bottom>
            <Right>2.0</Right>
          </Insets>
          <Visible>false</Visible>
        </Label>
        <DataDefinition>
          <Definition>row[&quot;Value&quot;]</Definition>
        </DataDefinition>
        <SeriesIdentifier></SeriesIdentifier>
        <DataPoint>
          <Components>
            <Type>Base_Value</Type>
          </Components>
          <Prefix></Prefix>
          <Suffix></Suffix>
          <Separator>, </Separator>
        </DataPoint>
        <LabelPosition>Outside</LabelPosition>
        <Stacked>false</Stacked>
        <Translucent>false</Translucent>
        <Explosion>2</Explosion>
        <Title>
          <Caption>
            <Value></Value>
            <Font>
              <Name></Name>
              <Size>16.0</Size>
              <Bold>true</Bold>
              <Alignment/>
            </Font>
            <Color>
              <Transparency>255</Transparency>
              <Red>0</Red>
              <Green>0</Green>
              <Blue>0</Blue>
            </Color>
          </Caption>
          <Background xsi:type="attribute:ColorDefinition">
            <Transparency>0</Transparency>
            <Red>255</Red>
            <Green>255</Green>
            <Blue>255</Blue>
          </Background>
          <Outline>
            <Style>Solid</Style>
            <Thickness>1</Thickness>
            <Color>
              <Transparency>255</Transparency>
              <Red>0</Red>
              <Green>0</Green>
              <Blue>0</Blue>
            </Color>
          </Outline>
          <ShadowColor>
            <Transparency>0</Transparency>
            <Red>255</Red>
            <Green>255</Green>
            <Blue>255</Blue>
          </ShadowColor>
          <Insets>
            <Top>0.0</Top>
            <Left>2.0</Left>
            <Bottom>0.0</Bottom>
            <Right>3.0</Right>
          </Insets>
          <Visible>false</Visible>
        </Title>
        <TitlePosition>Below</TitlePosition>
        <LeaderLineAttributes>
          <Style>Solid</Style>
          <Thickness>1</Thickness>
          <Color>
            <Transparency>255</Transparency>
            <Red>0</Red>
            <Green>0</Green>
            <Blue>0</Blue>
          </Color>
          <Visible>true</Visible>
        </LeaderLineAttributes>
        <LeaderLineStyle>Stretch_To_Side</LeaderLineStyle>
        <LeaderLineLength>40.0</LeaderLineLength>
        <Ratio>1.0</Ratio>
      </Series>
      <Grouping>
        <Enabled>false</Enabled>
        <GroupingInterval>1.0</GroupingInterval>
        <GroupType>Text</GroupType>
        <AggregateExpression>Sum</AggregateExpression>
      </Grouping>
    </SeriesDefinitions>
    <Series>
      <Visible>true</Visible>
      <Label>
        <Caption>
          <Value></Value>
          <Font>
            <Alignment/>
          </Font>
        </Caption>
        <Background xsi:type="attribute:ColorDefinition">
          <Transparency>0</Transparency>
          <Red>255</Red>
          <Green>255</Green>
          <Blue>255</Blue>
        </Background>
        <Outline>
          <Style>Solid</Style>
          <Thickness>1</Thickness>
          <Color>
            <Transparency>255</Transparency>
            <Red>0</Red>
            <Green>0</Green>
            <Blue>0</Blue>
          </Color>
          <Visible>false</Visible>
        </Outline>
        <Insets>
          <Top>0.0</Top>
          <Left>2.0</Left>
          <Bottom>0.0</Bottom>
          <Right>3.0</Right>
        </Insets>
        <Visible>false</Visible>
      </Label>
      <DataDefinition>
        <Definition>row[&quot;Rating&quot;]</Definition>
      </DataDefinition>
      <SeriesIdentifier></SeriesIdentifier>
      <DataPoint>
        <Components>
          <Type>Orthogonal_Value</Type>
        </Components>
        <Separator>, </Separator>
      </DataPoint>
      <LabelPosition>Outside</LabelPosition>
      <Stacked>false</Stacked>
    </Series>
    <Grouping>
      <Enabled>false</Enabled>
      <GroupingInterval>1.0</GroupingInterval>
      <GroupType>Text</GroupType>
      <AggregateExpression>Sum</AggregateExpression>
    </Grouping>
  </SeriesDefinitions>
  <MinSliceLabel>Texts.get(Texts.Others)</MinSliceLabel>
</model:ChartWithoutAxes>
