<?xml version="1.0" encoding="UTF-8"?>
<model:ChartWithoutAxes xmlns:xsi="http://www.w3.org/2001/XMLSchema-instance" xmlns:attribute="http://www.birt.eclipse.org/ChartModelAttribute" xmlns:layout="http://www.birt.eclipse.org/ChartModelLayout" xmlns:model="http://www.birt.eclipse.org/ChartModel" xmlns:type="http://www.birt.eclipse.org/ChartModelType">
  <Version>2.5.1</Version>
  <Type>Pie Chart</Type>
  <SubType>Standard</SubType>
  <Block>
    <Children xsi:type="layout:TitleBlock">
      <Bounds>
        <Left>3.0</Left>
        <Top>3.0</Top>
        <Width>1062.75</Width>
        <Height>0.0</Height>
      </Bounds>
      <Insets>
        <Top>3.0</Top>
        <Left>3.0</Left>
        <Bottom>3.0</Bottom>
        <Right>3.0</Right>
      </Insets>
      <Row>-1</Row>
      <Column>-1</Column>
      <Rowspan>-1</Rowspan>
      <Columnspan>-1</Columnspan>
      <Outline>
        <Style>Solid</Style>
        <Thickness>1</Thickness>
        <Color>
          <Transparency>255</Transparency>
          <Red>0</Red>
          <Green>0</Green>
          <Blue>0</Blue>
        </Color>
        <Visible>false</Visible>
      </Outline>
      <Background xsi:type="attribute:ColorDefinition">
        <Transparency>0</Transparency>
        <Red>255</Red>
        <Green>255</Green>
        <Blue>255</Blue>
      </Background>
      <Visible>false</Visible>
      <Label>
        <Caption>
          <Value>Chart Title</Value>
          <Font>
            <Name>Arial</Name>
            <Size>14.0</Size>
            <Bold>true</Bold>
            <Italic>false</Italic>
            <Strikethrough>false</Strikethrough>
            <Underline>false</Underline>
            <WordWrap>false</WordWrap>
            <Alignment>
              <horizontalAlignment>Center</horizontalAlignment>
              <verticalAlignment>Center</verticalAlignment>
            </Alignment>
            <Rotation>0.0</Rotation>
          </Font>
          <Color>
            <Transparency>255</Transparency>
            <Red>0</Red>
            <Green>0</Green>
            <Blue>0</Blue>
          </Color>
        </Caption>
        <Background xsi:type="attribute:ColorDefinition">
          <Transparency>0</Transparency>
          <Red>255</Red>
          <Green>255</Green>
          <Blue>255</Blue>
        </Background>
        <Outline>
          <Style>Solid</Style>
          <Thickness>1</Thickness>
          <Color>
            <Transparency>255</Transparency>
            <Red>0</Red>
            <Green>0</Green>
            <Blue>0</Blue>
          </Color>
        </Outline>
        <ShadowColor>
          <Transparency>0</Transparency>
          <Red>255</Red>
          <Green>255</Green>
          <Blue>255</Blue>
        </ShadowColor>
        <Insets>
          <Top>0.0</Top>
          <Left>2.0</Left>
          <Bottom>0.0</Bottom>
          <Right>3.0</Right>
        </Insets>
        <Visible>true</Visible>
      </Label>
    </Children>
    <Children xsi:type="layout:Plot">
      <Bounds>
        <Left>3.0</Left>
        <Top>3.0</Top>
        <Width>970.875</Width>
        <Height>248.25</Height>
      </Bounds>
      <Insets>
        <Top>3.0</Top>
        <Left>3.0</Left>
        <Bottom>3.0</Bottom>
        <Right>3.0</Right>
      </Insets>
      <Row>-1</Row>
      <Column>-1</Column>
      <Rowspan>-1</Rowspan>
      <Columnspan>-1</Columnspan>
      <Outline>
        <Style>Solid</Style>
        <Thickness>1</Thickness>
        <Color>
          <Transparency>255</Transparency>
          <Red>0</Red>
          <Green>0</Green>
          <Blue>0</Blue>
        </Color>
        <Visible>false</Visible>
      </Outline>
      <Background xsi:type="attribute:ColorDefinition">
        <Transparency>0</Transparency>
        <Red>255</Red>
        <Green>255</Green>
        <Blue>255</Blue>
      </Background>
      <Visible>true</Visible>
      <HorizontalSpacing>5</HorizontalSpacing>
      <VerticalSpacing>5</VerticalSpacing>
      <ClientArea>
        <Background xsi:type="attribute:ColorDefinition">
          <Transparency>0</Transparency>
          <Red>255</Red>
          <Green>255</Green>
          <Blue>255</Blue>
        </Background>
        <Outline>
          <Style>Solid</Style>
          <Thickness>0</Thickness>
          <Color>
            <Transparency>255</Transparency>
            <Red>0</Red>
            <Green>0</Green>
            <Blue>0</Blue>
          </Color>
          <Visible>false</Visible>
        </Outline>
        <ShadowColor>
          <Transparency>0</Transparency>
          <Red>255</Red>
          <Green>255</Green>
          <Blue>255</Blue>
        </ShadowColor>
        <Insets>
          <Top>0.0</Top>
          <Left>0.0</Left>
          <Bottom>0.0</Bottom>
          <Right>0.0</Right>
        </Insets>
      </ClientArea>
    </Children>
    <Children xsi:type="layout:Legend">
      <Bounds>
        <Left>973.875</Left>
        <Top>3.0</Top>
        <Width>91.875</Width>
        <Height>248.25</Height>
      </Bounds>
      <Insets>
        <Top>3.0</Top>
        <Left>3.0</Left>
        <Bottom>3.0</Bottom>
        <Right>3.0</Right>
      </Insets>
      <Row>-1</Row>
      <Column>-1</Column>
      <Rowspan>-1</Rowspan>
      <Columnspan>-1</Columnspan>
      <Outline>
        <Style>Solid</Style>
        <Thickness>1</Thickness>
        <Color>
          <Transparency>255</Transparency>
          <Red>0</Red>
          <Green>0</Green>
          <Blue>0</Blue>
        </Color>
        <Visible>false</Visible>
      </Outline>
      <Background xsi:type="attribute:ColorDefinition">
        <Transparency>0</Transparency>
        <Red>255</Red>
        <Green>255</Green>
        <Blue>255</Blue>
      </Background>
      <Visible>true</Visible>
      <ClientArea>
        <Background xsi:type="attribute:ColorDefinition">
          <Transparency>0</Transparency>
          <Red>255</Red>
          <Green>255</Green>
          <Blue>255</Blue>
        </Background>
        <Outline>
          <Style>Solid</Style>
          <Thickness>0</Thickness>
          <Color>
            <Transparency>255</Transparency>
            <Red>0</Red>
            <Green>0</Green>
            <Blue>0</Blue>
          </Color>
          <Visible>false</Visible>
        </Outline>
        <ShadowColor>
          <Transparency>0</Transparency>
          <Red>255</Red>
          <Green>255</Green>
          <Blue>255</Blue>
        </ShadowColor>
        <Insets>
          <Top>2.0</Top>
          <Left>2.0</Left>
          <Bottom>2.0</Bottom>
          <Right>2.0</Right>
        </Insets>
      </ClientArea>
      <Text>
        <Value></Value>
        <Font>
          <Name>Arial</Name>
          <Size>9.0</Size>
          <Bold>false</Bold>
          <Italic>false</Italic>
          <Strikethrough>false</Strikethrough>
          <Underline>false</Underline>
          <WordWrap>false</WordWrap>
          <Alignment>
            <horizontalAlignment>Left</horizontalAlignment>
            <verticalAlignment>Top</verticalAlignment>
          </Alignment>
          <Rotation>0.0</Rotation>
        </Font>
        <Color>
          <Transparency>255</Transparency>
          <Red>0</Red>
          <Green>0</Green>
          <Blue>0</Blue>
        </Color>
      </Text>
      <Orientation>Vertical</Orientation>
      <Direction>Top_Bottom</Direction>
      <Separator>
        <Style>Solid</Style>
        <Thickness>1</Thickness>
        <Color>
          <Transparency>255</Transparency>
          <Red>0</Red>
          <Green>0</Green>
          <Blue>0</Blue>
        </Color>
        <Visible>true</Visible>
      </Separator>
      <Position>Right</Position>
      <ItemType>Categories</ItemType>
      <Title>
        <Caption>
          <Value>ss</Value>
          <Font>
            <Name>Arial</Name>
            <Size>9.0</Size>
            <Bold>false</Bold>
            <Italic>false</Italic>
            <Strikethrough>false</Strikethrough>
            <Underline>false</Underline>
            <WordWrap>false</WordWrap>
            <Alignment>
              <horizontalAlignment>Left</horizontalAlignment>
            </Alignment>
            <Rotation>0.0</Rotation>
          </Font>
          <Color>
            <Transparency>255</Transparency>
            <Red>0</Red>
            <Green>0</Green>
            <Blue>0</Blue>
          </Color>
        </Caption>
        <Background xsi:type="attribute:ColorDefinition">
          <Transparency>0</Transparency>
          <Red>255</Red>
          <Green>255</Green>
          <Blue>255</Blue>
        </Background>
        <Outline>
          <Style>Solid</Style>
          <Thickness>1</Thickness>
          <Color>
            <Transparency>255</Transparency>
            <Red>0</Red>
            <Green>0</Green>
            <Blue>0</Blue>
          </Color>
          <Visible>false</Visible>
        </Outline>
        <ShadowColor>
          <Transparency>0</Transparency>
          <Red>255</Red>
          <Green>255</Green>
          <Blue>255</Blue>
        </ShadowColor>
        <Insets>
          <Top>0.0</Top>
          <Left>2.0</Left>
          <Bottom>0.0</Bottom>
          <Right>3.0</Right>
        </Insets>
        <Visible>false</Visible>
      </Title>
      <TitlePosition>Above</TitlePosition>
    </Children>
    <Bounds>
      <Left>0.0</Left>
      <Top>0.0</Top>
      <Width>1068.75</Width>
      <Height>254.25</Height>
    </Bounds>
    <Insets>
      <Top>3.0</Top>
      <Left>3.0</Left>
      <Bottom>3.0</Bottom>
      <Right>3.0</Right>
    </Insets>
    <Row>-1</Row>
    <Column>-1</Column>
    <Rowspan>-1</Rowspan>
    <Columnspan>-1</Columnspan>
    <Outline>
      <Style>Solid</Style>
      <Thickness>1</Thickness>
      <Color>
        <Transparency>255</Transparency>
        <Red>0</Red>
        <Green>0</Green>
        <Blue>0</Blue>
      </Color>
      <Visible>false</Visible>
    </Outline>
    <Background xsi:type="attribute:ColorDefinition">
      <Transparency>0</Transparency>
      <Red>255</Red>
      <Green>255</Green>
      <Blue>255</Blue>
    </Background>
    <Visible>true</Visible>
  </Block>
  <Dimension>Two_Dimensional</Dimension>
  <Units>Points</Units>
  <SeriesThickness>10.0</SeriesThickness>
  <GridColumnCount>0</GridColumnCount>
  <ExtendedProperties>
    <Name>enable.area.alt</Name>
    <Value>false</Value>
  </ExtendedProperties>
  <Interactivity/>
  <EmptyMessage>
    <Caption>
      <Value>This chart contains no data.</Value>
      <Font>
        <Name>Arial</Name>
        <Size>9.0</Size>
        <Bold>false</Bold>
        <Italic>false</Italic>
        <Strikethrough>false</Strikethrough>
        <Underline>false</Underline>
        <WordWrap>false</WordWrap>
        <Alignment>
          <horizontalAlignment>Center</horizontalAlignment>
          <verticalAlignment>Center</verticalAlignment>
        </Alignment>
        <Rotation>0.0</Rotation>
      </Font>
      <Color>
        <Transparency>255</Transparency>
        <Red>0</Red>
        <Green>0</Green>
        <Blue>0</Blue>
      </Color>
    </Caption>
    <Background xsi:type="attribute:ColorDefinition">
      <Transparency>64</Transparency>
      <Red>127</Red>
      <Green>127</Green>
      <Blue>127</Blue>
    </Background>
    <Outline>
      <Color>
        <Transparency>128</Transparency>
        <Red>127</Red>
        <Green>127</Green>
        <Blue>127</Blue>
      </Color>
      <Visible>true</Visible>
    </Outline>
    <Insets>
      <Top>10.0</Top>
      <Left>10.0</Left>
      <Bottom>10.0</Bottom>
      <Right>10.0</Right>
    </Insets>
    <Visible>false</Visible>
  </EmptyMessage>
  <SeriesDefinitions>
    <Query>
      <Definition></Definition>
    </Query>
    <SeriesPalette>
      <Entries xsi:type="attribute:ColorDefinition">
        <Transparency>255</Transparency>
        <Red>188</Red>
        <Green>212</Green>
        <Blue>230</Blue>
      </Entries>
      <Entries xsi:type="attribute:ColorDefinition">
        <Transparency>255</Transparency>
        <Red>255</Red>
        <Green>234</Green>
        <Blue>159</Blue>
      </Entries>
      <Entries xsi:type="attribute:ColorDefinition">
        <Transparency>255</Transparency>
        <Red>255</Red>
        <Green>200</Green>
        <Blue>146</Blue>
      </Entries>
      <Entries xsi:type="attribute:ColorDefinition">
        <Transparency>255</Transparency>
        <Red>255</Red>
        <Green>190</Green>
        <Blue>172</Blue>
      </Entries>
      <Entries xsi:type="attribute:ColorDefinition">
        <Transparency>255</Transparency>
        <Red>170</Red>
        <Green>212</Green>
        <Blue>174</Blue>
      </Entries>
      <Entries xsi:type="attribute:ColorDefinition">
        <Transparency>255</Transparency>
        <Red>241</Red>
        <Green>241</Green>
        <Blue>241</Blue>
      </Entries>
    </SeriesPalette>
    <SeriesDefinitions>
      <Query>
        <Definition></Definition>
      </Query>
      <SeriesPalette>
        <Entries xsi:type="attribute:ColorDefinition">
          <Transparency>255</Transparency>
          <Red>127</Red>
          <Green>127</Green>
          <Blue>127</Blue>
        </Entries>
      </SeriesPalette>
      <Series xsi:type="type:PieSeries">
        <Visible>true</Visible>
        <Label>
          <Caption>
            <Value></Value>
            <Font>
              <Name>Arial</Name>
              <Size>9.0</Size>
              <Bold>false</Bold>
              <Italic>false</Italic>
              <Strikethrough>false</Strikethrough>
              <Underline>false</Underline>
              <WordWrap>false</WordWrap>
              <Alignment>
                <horizontalAlignment>Left</horizontalAlignment>
                <verticalAlignment>Top</verticalAlignment>
              </Alignment>
              <Rotation>0.0</Rotation>
            </Font>
            <Color>
              <Transparency>255</Transparency>
              <Red>130</Red>
              <Green>130</Green>
              <Blue>130</Blue>
            </Color>
          </Caption>
          <Background xsi:type="attribute:ColorDefinition">
            <Transparency>0</Transparency>
            <Red>255</Red>
            <Green>255</Green>
            <Blue>255</Blue>
          </Background>
          <Outline>
            <Style>Solid</Style>
            <Thickness>1</Thickness>
            <Color>
              <Transparency>255</Transparency>
              <Red>0</Red>
              <Green>0</Green>
              <Blue>0</Blue>
            </Color>
            <Visible>false</Visible>
          </Outline>
          <ShadowColor>
            <Transparency>0</Transparency>
            <Red>255</Red>
            <Green>255</Green>
            <Blue>255</Blue>
          </ShadowColor>
          <Insets>
            <Top>0.0</Top>
            <Left>2.0</Left>
            <Bottom>0.0</Bottom>
            <Right>3.0</Right>
          </Insets>
          <Visible>true</Visible>
        </Label>
        <DataDefinition>
          <Definition>row[&quot;YSeries&quot;]</Definition>
        </DataDefinition>
        <SeriesIdentifier>My Own title</SeriesIdentifier>
        <DataPoint>
          <Components>
            <Type>Orthogonal_Value</Type>
          </Components>
          <Prefix></Prefix>
          <Suffix></Suffix>
          <Separator>,</Separator>
        </DataPoint>
        <LabelPosition>Outside</LabelPosition>
        <Stacked>false</Stacked>
        <Explosion>0</Explosion>
        <Title>
          <Caption>
            <Value></Value>
            <Font>
              <Name>Arial</Name>
              <Size>16.0</Size>
              <Bold>true</Bold>
              <Italic>false</Italic>
              <Strikethrough>false</Strikethrough>
              <Underline>false</Underline>
              <WordWrap>false</WordWrap>
              <Alignment>
                <horizontalAlignment>Left</horizontalAlignment>
              </Alignment>
              <Rotation>0.0</Rotation>
            </Font>
            <Color>
              <Transparency>255</Transparency>
              <Red>0</Red>
              <Green>0</Green>
              <Blue>0</Blue>
            </Color>
          </Caption>
          <Background xsi:type="attribute:ColorDefinition">
            <Transparency>0</Transparency>
            <Red>255</Red>
            <Green>255</Green>
            <Blue>255</Blue>
          </Background>
          <Outline>
            <Style>Solid</Style>
            <Thickness>1</Thickness>
            <Color>
              <Transparency>255</Transparency>
              <Red>0</Red>
              <Green>0</Green>
              <Blue>0</Blue>
            </Color>
          </Outline>
          <ShadowColor>
            <Transparency>0</Transparency>
            <Red>255</Red>
            <Green>255</Green>
            <Blue>255</Blue>
          </ShadowColor>
          <Insets>
            <Top>0.0</Top>
            <Left>2.0</Left>
            <Bottom>0.0</Bottom>
            <Right>3.0</Right>
          </Insets>
          <Visible>false</Visible>
        </Title>
        <TitlePosition>Below</TitlePosition>
        <LeaderLineAttributes>
          <Style>Solid</Style>
          <Thickness>1</Thickness>
          <Color>
            <Transparency>255</Transparency>
            <Red>130</Red>
            <Green>130</Green>
            <Blue>130</Blue>
          </Color>
          <Visible>true</Visible>
        </LeaderLineAttributes>
        <LeaderLineStyle>Stretch_To_Side</LeaderLineStyle>
        <LeaderLineLength>40.0</LeaderLineLength>
      </Series>
      <Grouping>
        <GroupType>Text</GroupType>
        <AggregateExpression>Sum</AggregateExpression>
      </Grouping>
    </SeriesDefinitions>
    <Series>
      <Visible>true</Visible>
      <Label>
        <Caption>
          <Value></Value>
          <Font>
            <Name>Arial</Name>
            <Size>9.0</Size>
            <Bold>false</Bold>
            <Italic>false</Italic>
            <Strikethrough>false</Strikethrough>
            <Underline>false</Underline>
            <WordWrap>false</WordWrap>
            <Alignment>
              <horizontalAlignment>Left</horizontalAlignment>
            </Alignment>
            <Rotation>0.0</Rotation>
          </Font>
          <Color>
            <Transparency>255</Transparency>
            <Red>0</Red>
            <Green>0</Green>
            <Blue>0</Blue>
          </Color>
        </Caption>
        <Background xsi:type="attribute:ColorDefinition">
          <Transparency>0</Transparency>
          <Red>255</Red>
          <Green>255</Green>
          <Blue>255</Blue>
        </Background>
        <Outline>
          <Style>Solid</Style>
          <Thickness>1</Thickness>
          <Color>
            <Transparency>255</Transparency>
            <Red>0</Red>
            <Green>0</Green>
            <Blue>0</Blue>
          </Color>
          <Visible>false</Visible>
        </Outline>
        <Insets>
          <Top>0.0</Top>
          <Left>2.0</Left>
          <Bottom>0.0</Bottom>
          <Right>3.0</Right>
        </Insets>
        <Visible>false</Visible>
      </Label>
      <DataDefinition>
        <Definition>row[&quot;XSeries&quot;]</Definition>
      </DataDefinition>
      <SeriesIdentifier></SeriesIdentifier>
      <DataPoint>
        <Components>
          <Type>Orthogonal_Value</Type>
        </Components>
        <Separator>, </Separator>
      </DataPoint>
      <LabelPosition>Outside</LabelPosition>
      <Stacked>false</Stacked>
    </Series>
    <Grouping>
      <GroupType>Text</GroupType>
      <AggregateExpression>Sum</AggregateExpression>
    </Grouping>
  </SeriesDefinitions>
</model:ChartWithoutAxes>
