<?xml version="1.0" encoding="UTF-8"?>
<model:DialChart xmlns:xsi="http://www.w3.org/2001/XMLSchema-instance" xmlns:attribute="http://www.birt.eclipse.org/ChartModelAttribute" xmlns:layout="http://www.birt.eclipse.org/ChartModelLayout" xmlns:model="http://www.birt.eclipse.org/ChartModel" xmlns:type="http://www.birt.eclipse.org/ChartModelType">
  <Version>2.5.3</Version>
  <Type>Meter Chart</Type>
  <SubType>Standard Meter Chart</SubType>
  <Block>
    <Children xsi:type="layout:TitleBlock">
      <Bounds>
        <Left>3.0</Left>
        <Top>3.0</Top>
        <Width>1054.5</Width>
        <Height>0.0</Height>
      </Bounds>
      <Insets>
        <Top>3.0</Top>
        <Left>3.0</Left>
        <Bottom>3.0</Bottom>
        <Right>3.0</Right>
      </Insets>
      <Row>-1</Row>
      <Column>-1</Column>
      <Rowspan>-1</Rowspan>
      <Columnspan>-1</Columnspan>
      <Outline>
        <Style>Solid</Style>
        <Thickness>1</Thickness>
        <Color>
          <Transparency>255</Transparency>
          <Red>0</Red>
          <Green>0</Green>
          <Blue>0</Blue>
        </Color>
        <Visible>false</Visible>
      </Outline>
      <Visible>false</Visible>
      <Label>
        <Caption>
          <Value>Chart Title</Value>
          <Font>
            <Name>Arial</Name>
            <Size>14.0</Size>
            <Bold>true</Bold>
            <Italic>false</Italic>
            <Strikethrough>false</Strikethrough>
            <Underline>false</Underline>
            <WordWrap>false</WordWrap>
            <Alignment>
              <horizontalAlignment>Center</horizontalAlignment>
              <verticalAlignment>Center</verticalAlignment>
            </Alignment>
            <Rotation>0.0</Rotation>
          </Font>
          <Color>
            <Transparency>255</Transparency>
            <Red>0</Red>
            <Green>0</Green>
            <Blue>0</Blue>
          </Color>
        </Caption>
        <Background xsi:type="attribute:ColorDefinition">
          <Transparency>0</Transparency>
          <Red>255</Red>
          <Green>255</Green>
          <Blue>255</Blue>
        </Background>
        <Outline>
          <Style>Solid</Style>
          <Thickness>1</Thickness>
          <Color>
            <Transparency>255</Transparency>
            <Red>0</Red>
            <Green>0</Green>
            <Blue>0</Blue>
          </Color>
        </Outline>
        <ShadowColor>
          <Transparency>0</Transparency>
          <Red>255</Red>
          <Green>255</Green>
          <Blue>255</Blue>
        </ShadowColor>
        <Insets>
          <Top>0.0</Top>
          <Left>2.0</Left>
          <Bottom>0.0</Bottom>
          <Right>3.0</Right>
        </Insets>
        <Visible>true</Visible>
      </Label>
    </Children>
    <Children xsi:type="layout:Plot">
      <Bounds>
        <Left>3.0</Left>
        <Top>3.0</Top>
        <Width>1019.625</Width>
        <Height>284.25</Height>
      </Bounds>
      <Insets>
        <Top>0.0</Top>
        <Left>3.0</Left>
        <Bottom>0.0</Bottom>
        <Right>3.0</Right>
      </Insets>
      <Row>-1</Row>
      <Column>-1</Column>
      <Rowspan>-1</Rowspan>
      <Columnspan>-1</Columnspan>
      <Outline>
        <Style>Solid</Style>
        <Thickness>1</Thickness>
        <Color>
          <Transparency>255</Transparency>
          <Red>0</Red>
          <Green>0</Green>
          <Blue>0</Blue>
        </Color>
        <Visible>false</Visible>
      </Outline>
      <Visible>true</Visible>
      <HorizontalSpacing>0</HorizontalSpacing>
      <VerticalSpacing>0</VerticalSpacing>
      <ClientArea>
        <Outline>
          <Style>Solid</Style>
          <Thickness>0</Thickness>
          <Color>
            <Transparency>255</Transparency>
            <Red>0</Red>
            <Green>0</Green>
            <Blue>0</Blue>
          </Color>
          <Visible>false</Visible>
        </Outline>
        <Insets>
          <Top>0.0</Top>
          <Left>0.0</Left>
          <Bottom>0.0</Bottom>
          <Right>0.0</Right>
        </Insets>
      </ClientArea>
    </Children>
    <Children xsi:type="layout:Legend">
      <Bounds>
        <Left>1022.625</Left>
        <Top>3.0</Top>
        <Width>34.875</Width>
        <Height>284.25</Height>
      </Bounds>
      <Insets>
        <Top>3.0</Top>
        <Left>3.0</Left>
        <Bottom>3.0</Bottom>
        <Right>3.0</Right>
      </Insets>
      <Row>-1</Row>
      <Column>-1</Column>
      <Rowspan>-1</Rowspan>
      <Columnspan>-1</Columnspan>
      <Outline>
        <Style>Solid</Style>
        <Thickness>1</Thickness>
        <Color>
          <Transparency>255</Transparency>
          <Red>0</Red>
          <Green>0</Green>
          <Blue>0</Blue>
        </Color>
        <Visible>false</Visible>
      </Outline>
      <Visible>false</Visible>
      <ClientArea>
        <Background xsi:type="attribute:ColorDefinition">
          <Transparency>0</Transparency>
          <Red>255</Red>
          <Green>255</Green>
          <Blue>255</Blue>
        </Background>
        <Outline>
          <Style>Solid</Style>
          <Thickness>0</Thickness>
          <Color>
            <Transparency>255</Transparency>
            <Red>0</Red>
            <Green>0</Green>
            <Blue>0</Blue>
          </Color>
          <Visible>false</Visible>
        </Outline>
        <ShadowColor>
          <Transparency>0</Transparency>
          <Red>255</Red>
          <Green>255</Green>
          <Blue>255</Blue>
        </ShadowColor>
        <Insets>
          <Top>2.0</Top>
          <Left>2.0</Left>
          <Bottom>2.0</Bottom>
          <Right>2.0</Right>
        </Insets>
      </ClientArea>
      <Text>
        <Value></Value>
        <Font>
          <Name>Arial</Name>
          <Size>9.0</Size>
          <Bold>false</Bold>
          <Italic>false</Italic>
          <Strikethrough>false</Strikethrough>
          <Underline>false</Underline>
          <WordWrap>false</WordWrap>
          <Alignment>
            <horizontalAlignment>Left</horizontalAlignment>
          </Alignment>
          <Rotation>0.0</Rotation>
        </Font>
        <Color>
          <Transparency>255</Transparency>
          <Red>0</Red>
          <Green>0</Green>
          <Blue>0</Blue>
        </Color>
      </Text>
      <Orientation>Vertical</Orientation>
      <Direction>Top_Bottom</Direction>
      <Separator>
        <Style>Solid</Style>
        <Thickness>1</Thickness>
        <Color>
          <Transparency>255</Transparency>
          <Red>0</Red>
          <Green>0</Green>
          <Blue>0</Blue>
        </Color>
        <Visible>false</Visible>
      </Separator>
      <Position>Right</Position>
      <ItemType>Series</ItemType>
      <Title>
        <Caption>
          <Value>sdf</Value>
          <Font>
            <Name>Arial</Name>
            <Size>9.0</Size>
            <Bold>false</Bold>
            <Italic>false</Italic>
            <Strikethrough>false</Strikethrough>
            <Underline>false</Underline>
            <WordWrap>false</WordWrap>
            <Alignment>
              <horizontalAlignment>Left</horizontalAlignment>
            </Alignment>
            <Rotation>0.0</Rotation>
          </Font>
          <Color>
            <Transparency>255</Transparency>
            <Red>0</Red>
            <Green>0</Green>
            <Blue>0</Blue>
          </Color>
        </Caption>
        <Background xsi:type="attribute:ColorDefinition">
          <Transparency>0</Transparency>
          <Red>255</Red>
          <Green>255</Green>
          <Blue>255</Blue>
        </Background>
        <Outline>
          <Style>Solid</Style>
          <Thickness>1</Thickness>
          <Color>
            <Transparency>255</Transparency>
            <Red>0</Red>
            <Green>0</Green>
            <Blue>0</Blue>
          </Color>
          <Visible>false</Visible>
        </Outline>
        <Insets>
          <Top>0.0</Top>
          <Left>2.0</Left>
          <Bottom>0.0</Bottom>
          <Right>3.0</Right>
        </Insets>
        <Visible>false</Visible>
      </Title>
      <TitlePosition>Above</TitlePosition>
    </Children>
    <Bounds>
      <Left>0.0</Left>
      <Top>0.0</Top>
      <Width>1060.5</Width>
      <Height>290.25</Height>
    </Bounds>
    <Insets>
      <Top>3.0</Top>
      <Left>3.0</Left>
      <Bottom>3.0</Bottom>
      <Right>3.0</Right>
    </Insets>
    <Row>-1</Row>
    <Column>-1</Column>
    <Rowspan>-1</Rowspan>
    <Columnspan>-1</Columnspan>
    <Outline>
      <Style>Solid</Style>
      <Thickness>1</Thickness>
      <Color>
        <Transparency>255</Transparency>
        <Red>0</Red>
        <Green>0</Green>
        <Blue>0</Blue>
      </Color>
      <Visible>false</Visible>
    </Outline>
    <Background xsi:type="attribute:ColorDefinition">
      <Transparency>0</Transparency>
      <Red>255</Red>
      <Green>255</Green>
      <Blue>255</Blue>
    </Background>
    <Visible>true</Visible>
  </Block>
  <Dimension>Two_Dimensional</Dimension>
  <Units>Points</Units>
  <SeriesThickness>10.0</SeriesThickness>
  <GridColumnCount>0</GridColumnCount>
  <ExtendedProperties>
    <Name>enable.area.alt</Name>
    <Value>false</Value>
  </ExtendedProperties>
  <SampleData>
    <BaseSampleData>
      <DataSetRepresentation>'A','B','C','D','E'</DataSetRepresentation>
    </BaseSampleData>
    <OrthogonalSampleData>
      <DataSetRepresentation>6,4,12,8,10</DataSetRepresentation>
      <SeriesDefinitionIndex>0</SeriesDefinitionIndex>
    </OrthogonalSampleData>
  </SampleData>
  <Interactivity>
    <Enable>false</Enable>
  </Interactivity>
  <EmptyMessage>
    <Caption>
      <Value>This chart contains no data.</Value>
      <Font>
        <Alignment>
          <horizontalAlignment>Center</horizontalAlignment>
          <verticalAlignment>Center</verticalAlignment>
        </Alignment>
      </Font>
    </Caption>
    <Background xsi:type="attribute:ColorDefinition">
      <Transparency>64</Transparency>
      <Red>127</Red>
      <Green>127</Green>
      <Blue>127</Blue>
    </Background>
    <Outline>
      <Color>
        <Transparency>128</Transparency>
        <Red>127</Red>
        <Green>127</Green>
        <Blue>127</Blue>
      </Color>
      <Visible>true</Visible>
    </Outline>
    <Insets>
      <Top>10.0</Top>
      <Left>10.0</Left>
      <Bottom>10.0</Bottom>
      <Right>10.0</Right>
    </Insets>
    <Visible>false</Visible>
  </EmptyMessage>
  <SeriesDefinitions>
    <Query>
      <Definition></Definition>
    </Query>
    <SeriesPalette>
      <Entries xsi:type="attribute:ColorDefinition">
        <Transparency>255</Transparency>
        <Red>127</Red>
        <Green>127</Green>
        <Blue>127</Blue>
      </Entries>
    </SeriesPalette>
    <SeriesDefinitions>
      <Query>
        <Definition></Definition>
      </Query>
      <SeriesPalette>
        <Entries xsi:type="attribute:ColorDefinition">
          <Transparency>255</Transparency>
          <Red>86</Red>
          <Green>86</Green>
          <Blue>86</Blue>
        </Entries>
      </SeriesPalette>
      <Series xsi:type="type:DialSeries">
        <Visible>true</Visible>
        <Label>
          <Caption>
            <Value></Value>
            <Font>
              <Name>Arial</Name>
              <Size>9.0</Size>
              <Bold>false</Bold>
              <Italic>false</Italic>
              <Strikethrough>false</Strikethrough>
              <Underline>false</Underline>
              <WordWrap>false</WordWrap>
              <Alignment>
                <horizontalAlignment>Left</horizontalAlignment>
              </Alignment>
              <Rotation>0.0</Rotation>
            </Font>
            <Color>
              <Transparency>255</Transparency>
              <Red>0</Red>
              <Green>0</Green>
              <Blue>0</Blue>
            </Color>
          </Caption>
          <Background xsi:type="attribute:ColorDefinition">
            <Transparency>0</Transparency>
            <Red>255</Red>
            <Green>255</Green>
            <Blue>255</Blue>
          </Background>
          <Outline>
            <Style>Solid</Style>
            <Thickness>1</Thickness>
            <Color>
              <Transparency>255</Transparency>
              <Red>0</Red>
              <Green>0</Green>
              <Blue>0</Blue>
            </Color>
            <Visible>false</Visible>
          </Outline>
          <Insets>
            <Top>0.0</Top>
            <Left>2.0</Left>
            <Bottom>0.0</Bottom>
            <Right>3.0</Right>
          </Insets>
          <Visible>false</Visible>
        </Label>
        <DataDefinition>
          <Definition>row[&quot;Y0Series&quot;]</Definition>
          <Grouping>
            <GroupType>Text</GroupType>
            <AggregateExpression>Sum</AggregateExpression>
          </Grouping>
        </DataDefinition>
        <DataPoint>
          <Components>
            <Type>Orthogonal_Value</Type>
          </Components>
          <Separator>, </Separator>
        </DataPoint>
        <LabelPosition>Outside</LabelPosition>
        <Stacked>false</Stacked>
        <Translucent>false</Translucent>
        <Dial>
          <StartAngle>-50.0</StartAngle>
          <StopAngle>230.0</StopAngle>
          <LineAttributes>
            <Style>Solid</Style>
            <Thickness>1</Thickness>
            <Color>
              <Transparency>255</Transparency>
              <Red>0</Red>
              <Green>0</Green>
              <Blue>0</Blue>
            </Color>
            <Visible>false</Visible>
          </LineAttributes>
          <MajorGrid>
            <LineAttributes>
              <Style>Solid</Style>
              <Thickness>1</Thickness>
              <Color>
                <Transparency>255</Transparency>
                <Red>196</Red>
                <Green>196</Green>
                <Blue>196</Blue>
              </Color>
              <Visible>true</Visible>
            </LineAttributes>
            <TickStyle>Below</TickStyle>
            <TickAttributes>
              <Style>Solid</Style>
              <Thickness>1</Thickness>
              <Color>
                <Transparency>255</Transparency>
                <Red>192</Red>
                <Green>192</Green>
                <Blue>192</Blue>
              </Color>
              <Visible>false</Visible>
            </TickAttributes>
          </MajorGrid>
          <MinorGrid>
            <LineAttributes>
              <Style>Solid</Style>
              <Thickness>1</Thickness>
              <Color>
                <Transparency>255</Transparency>
                <Red>225</Red>
                <Green>225</Green>
                <Blue>225</Blue>
              </Color>
              <Visible>false</Visible>
            </LineAttributes>
            <TickStyle>Below</TickStyle>
            <TickAttributes>
              <Style>Solid</Style>
              <Thickness>1</Thickness>
              <Color>
                <Transparency>255</Transparency>
                <Red>225</Red>
                <Green>225</Green>
                <Blue>225</Blue>
              </Color>
              <Visible>false</Visible>
            </TickAttributes>
          </MinorGrid>
          <Scale>
            <MinorGridsPerUnit>5</MinorGridsPerUnit>
            <StepNumber>1</StepNumber>
            <AutoExpand>true</AutoExpand>
          </Scale>
          <Label>
            <Caption>
              <Value></Value>
              <Font>
                <Alignment/>
              </Font>
              <Color>
                <Transparency>255</Transparency>
                <Red>130</Red>
                <Green>130</Green>
                <Blue>130</Blue>
              </Color>
            </Caption>
            <Background xsi:type="attribute:ColorDefinition">
              <Transparency>0</Transparency>
              <Red>255</Red>
              <Green>255</Green>
              <Blue>255</Blue>
            </Background>
            <Outline>
              <Style>Solid</Style>
              <Thickness>1</Thickness>
              <Color>
                <Transparency>255</Transparency>
                <Red>0</Red>
                <Green>0</Green>
                <Blue>0</Blue>
              </Color>
              <Visible>false</Visible>
            </Outline>
            <ShadowColor>
              <Transparency>0</Transparency>
              <Red>255</Red>
              <Green>255</Green>
              <Blue>255</Blue>
            </ShadowColor>
            <Insets>
              <Top>0.0</Top>
              <Left>2.0</Left>
              <Bottom>0.0</Bottom>
              <Right>3.0</Right>
            </Insets>
            <Visible>true</Visible>
          </Label>
        </Dial>
        <Needle>
          <LineAttributes>
            <Style>Solid</Style>
            <Thickness>1</Thickness>
            <Color>
              <Transparency>255</Transparency>
              <Red>0</Red>
              <Green>0</Green>
              <Blue>0</Blue>
            </Color>
            <Visible>true</Visible>
          </LineAttributes>
        </Needle>
      </Series>
      <Grouping>
        <GroupType>Text</GroupType>
        <AggregateExpression>Sum</AggregateExpression>
      </Grouping>
    </SeriesDefinitions>
    <Series>
      <Visible>true</Visible>
      <Label>
        <Caption>
          <Value></Value>
          <Font>
            <Name>Arial</Name>
            <Size>9.0</Size>
            <Bold>false</Bold>
            <Italic>false</Italic>
            <Strikethrough>false</Strikethrough>
            <Underline>false</Underline>
            <WordWrap>false</WordWrap>
            <Alignment>
              <horizontalAlignment>Left</horizontalAlignment>
            </Alignment>
            <Rotation>0.0</Rotation>
          </Font>
          <Color>
            <Transparency>255</Transparency>
            <Red>0</Red>
            <Green>0</Green>
            <Blue>0</Blue>
          </Color>
        </Caption>
        <Background xsi:type="attribute:ColorDefinition">
          <Transparency>0</Transparency>
          <Red>255</Red>
          <Green>255</Green>
          <Blue>255</Blue>
        </Background>
        <Outline>
          <Style>Solid</Style>
          <Thickness>1</Thickness>
          <Color>
            <Transparency>255</Transparency>
            <Red>0</Red>
            <Green>0</Green>
            <Blue>0</Blue>
          </Color>
          <Visible>false</Visible>
        </Outline>
        <Insets>
          <Top>0.0</Top>
          <Left>2.0</Left>
          <Bottom>0.0</Bottom>
          <Right>3.0</Right>
        </Insets>
        <Visible>false</Visible>
      </Label>
      <DataDefinition>
        <Definition>row[&quot;XSeries&quot;]</Definition>
      </DataDefinition>
      <SeriesIdentifier></SeriesIdentifier>
      <DataPoint>
        <Components>
          <Type>Orthogonal_Value</Type>
        </Components>
        <Separator>, </Separator>
      </DataPoint>
      <LabelPosition>Outside</LabelPosition>
      <Stacked>false</Stacked>
    </Series>
    <Grouping>
      <GroupType>Text</GroupType>
      <AggregateExpression>Sum</AggregateExpression>
    </Grouping>
  </SeriesDefinitions>
  <DialSuperimposition>false</DialSuperimposition>
</model:DialChart>
