<?xml version="1.0" encoding="UTF-8"?>
<model:ChartWithAxes xmlns:xsi="http://www.w3.org/2001/XMLSchema-instance" xmlns:attribute="http://www.birt.eclipse.org/ChartModelAttribute" xmlns:data="http://www.birt.eclipse.org/ChartModelData" xmlns:layout="http://www.birt.eclipse.org/ChartModelLayout" xmlns:model="http://www.birt.eclipse.org/ChartModel" xmlns:type="http://www.birt.eclipse.org/ChartModelType">
  <Version>2.5.1</Version>
  <Type>Bar Chart</Type>
  <Block>
    <Children xsi:type="layout:TitleBlock">
      <Bounds>
        <Left>3.0</Left>
        <Top>3.0</Top>
        <Width>704.25</Width>
        <Height>24.0</Height>
      </Bounds>
      <Insets>
        <Top>3.0</Top>
        <Left>3.0</Left>
        <Bottom>3.0</Bottom>
        <Right>3.0</Right>
      </Insets>
      <Row>-1</Row>
      <Column>-1</Column>
      <Rowspan>-1</Rowspan>
      <Columnspan>-1</Columnspan>
      <Outline>
        <Style>Solid</Style>
        <Thickness>1</Thickness>
        <Color>
          <Transparency>255</Transparency>
          <Red>0</Red>
          <Green>0</Green>
          <Blue>0</Blue>
        </Color>
        <Visible>false</Visible>
      </Outline>
      <Background xsi:type="attribute:ColorDefinition">
        <Transparency>0</Transparency>
        <Red>255</Red>
        <Green>255</Green>
        <Blue>255</Blue>
      </Background>
      <Visible>true</Visible>
      <Label>
        <Caption>
          <Value>Chart Title</Value>
          <Font>
            <Name>SansSerif</Name>
            <Size>16.0</Size>
            <Bold>true</Bold>
            <Italic>false</Italic>
            <Strikethrough>false</Strikethrough>
            <Underline>false</Underline>
            <WordWrap>false</WordWrap>
            <Alignment>
              <horizontalAlignment>Center</horizontalAlignment>
              <verticalAlignment>Center</verticalAlignment>
            </Alignment>
            <Rotation>0.0</Rotation>
          </Font>
          <Color>
            <Transparency>255</Transparency>
            <Red>0</Red>
            <Green>0</Green>
            <Blue>0</Blue>
          </Color>
        </Caption>
        <Background xsi:type="attribute:ColorDefinition">
          <Transparency>0</Transparency>
          <Red>255</Red>
          <Green>255</Green>
          <Blue>255</Blue>
        </Background>
        <Outline>
          <Style>Solid</Style>
          <Thickness>1</Thickness>
          <Color>
            <Transparency>255</Transparency>
            <Red>0</Red>
            <Green>0</Green>
            <Blue>0</Blue>
          </Color>
        </Outline>
        <ShadowColor>
          <Transparency>0</Transparency>
          <Red>255</Red>
          <Green>255</Green>
          <Blue>255</Blue>
        </ShadowColor>
        <Insets>
          <Top>0.0</Top>
          <Left>2.0</Left>
          <Bottom>0.0</Bottom>
          <Right>3.0</Right>
        </Insets>
        <Visible>true</Visible>
      </Label>
    </Children>
    <Children xsi:type="layout:Plot">
      <Bounds>
        <Left>3.0</Left>
        <Top>27.0</Top>
        <Width>704.25</Width>
        <Height>162.75</Height>
      </Bounds>
      <Anchor>North</Anchor>
      <Stretch>Horizontal</Stretch>
      <Insets>
        <Top>3.0</Top>
        <Left>3.0</Left>
        <Bottom>3.0</Bottom>
        <Right>3.0</Right>
      </Insets>
      <Row>-1</Row>
      <Column>-1</Column>
      <Rowspan>-1</Rowspan>
      <Columnspan>-1</Columnspan>
      <Outline>
        <Style>Solid</Style>
        <Thickness>1</Thickness>
        <Color>
          <Transparency>255</Transparency>
          <Red>0</Red>
          <Green>0</Green>
          <Blue>0</Blue>
        </Color>
        <Visible>false</Visible>
      </Outline>
      <Background xsi:type="attribute:ColorDefinition">
        <Transparency>0</Transparency>
        <Red>255</Red>
        <Green>255</Green>
        <Blue>255</Blue>
      </Background>
      <Visible>true</Visible>
      <WidthHint>-1.0</WidthHint>
      <HorizontalSpacing>5</HorizontalSpacing>
      <VerticalSpacing>5</VerticalSpacing>
      <ClientArea>
        <Background xsi:type="attribute:ColorDefinition">
          <Transparency>0</Transparency>
          <Red>255</Red>
          <Green>255</Green>
          <Blue>255</Blue>
        </Background>
        <Outline>
          <Style>Solid</Style>
          <Thickness>0</Thickness>
          <Color>
            <Transparency>255</Transparency>
            <Red>0</Red>
            <Green>0</Green>
            <Blue>0</Blue>
          </Color>
          <Visible>false</Visible>
        </Outline>
        <ShadowColor>
          <Transparency>0</Transparency>
          <Red>255</Red>
          <Green>255</Green>
          <Blue>255</Blue>
        </ShadowColor>
        <Insets>
          <Top>0.0</Top>
          <Left>0.0</Left>
          <Bottom>0.0</Bottom>
          <Right>0.0</Right>
        </Insets>
      </ClientArea>
    </Children>
    <Children xsi:type="layout:Legend">
      <Bounds>
        <Left>707.25</Left>
        <Top>27.0</Top>
        <Width>0.0</Width>
        <Height>162.75</Height>
      </Bounds>
      <Insets>
        <Top>3.0</Top>
        <Left>3.0</Left>
        <Bottom>3.0</Bottom>
        <Right>3.0</Right>
      </Insets>
      <Row>-1</Row>
      <Column>-1</Column>
      <Rowspan>-1</Rowspan>
      <Columnspan>-1</Columnspan>
      <Outline>
        <Style>Solid</Style>
        <Thickness>1</Thickness>
        <Color>
          <Transparency>255</Transparency>
          <Red>0</Red>
          <Green>0</Green>
          <Blue>0</Blue>
        </Color>
        <Visible>false</Visible>
      </Outline>
      <Visible>false</Visible>
      <ClientArea>
        <Outline>
          <Style>Solid</Style>
          <Thickness>0</Thickness>
          <Color>
            <Transparency>255</Transparency>
            <Red>0</Red>
            <Green>0</Green>
            <Blue>0</Blue>
          </Color>
          <Visible>false</Visible>
        </Outline>
        <Insets>
          <Top>2.0</Top>
          <Left>2.0</Left>
          <Bottom>2.0</Bottom>
          <Right>2.0</Right>
        </Insets>
      </ClientArea>
      <Text>
        <Value></Value>
        <Font>
          <Name>SansSerif</Name>
          <Size>12.0</Size>
          <Bold>false</Bold>
          <Italic>false</Italic>
          <Strikethrough>false</Strikethrough>
          <Underline>false</Underline>
          <WordWrap>false</WordWrap>
          <Alignment>
            <horizontalAlignment>Left</horizontalAlignment>
          </Alignment>
          <Rotation>0.0</Rotation>
        </Font>
        <Color>
          <Transparency>255</Transparency>
          <Red>0</Red>
          <Green>0</Green>
          <Blue>0</Blue>
        </Color>
      </Text>
      <Orientation>Vertical</Orientation>
      <Direction>Top_Bottom</Direction>
      <Separator>
        <Style>Solid</Style>
        <Thickness>1</Thickness>
        <Color>
          <Transparency>255</Transparency>
          <Red>0</Red>
          <Green>0</Green>
          <Blue>0</Blue>
        </Color>
        <Visible>true</Visible>
      </Separator>
      <Position>Right</Position>
      <ItemType>Series</ItemType>
      <Title>
        <Caption>
          <Value></Value>
          <Font>
            <Name>SansSerif</Name>
            <Size>12.0</Size>
            <Bold>false</Bold>
            <Italic>false</Italic>
            <Strikethrough>false</Strikethrough>
            <Underline>false</Underline>
            <WordWrap>false</WordWrap>
            <Alignment>
              <horizontalAlignment>Left</horizontalAlignment>
            </Alignment>
            <Rotation>0.0</Rotation>
          </Font>
          <Color>
            <Transparency>255</Transparency>
            <Red>0</Red>
            <Green>0</Green>
            <Blue>0</Blue>
          </Color>
        </Caption>
        <Background xsi:type="attribute:ColorDefinition">
          <Transparency>0</Transparency>
          <Red>255</Red>
          <Green>255</Green>
          <Blue>255</Blue>
        </Background>
        <Outline>
          <Style>Solid</Style>
          <Thickness>1</Thickness>
          <Color>
            <Transparency>255</Transparency>
            <Red>0</Red>
            <Green>0</Green>
            <Blue>0</Blue>
          </Color>
          <Visible>false</Visible>
        </Outline>
        <Insets>
          <Top>0.0</Top>
          <Left>2.0</Left>
          <Bottom>0.0</Bottom>
          <Right>3.0</Right>
        </Insets>
        <Visible>false</Visible>
      </Title>
      <TitlePosition>Above</TitlePosition>
    </Children>
    <Bounds>
      <Left>0.0</Left>
      <Top>0.0</Top>
      <Width>710.25</Width>
      <Height>192.75</Height>
    </Bounds>
    <Insets>
      <Top>3.0</Top>
      <Left>3.0</Left>
      <Bottom>3.0</Bottom>
      <Right>3.0</Right>
    </Insets>
    <Row>-1</Row>
    <Column>-1</Column>
    <Rowspan>-1</Rowspan>
    <Columnspan>-1</Columnspan>
    <Outline>
      <Style>Solid</Style>
      <Thickness>1</Thickness>
      <Color>
        <Transparency>255</Transparency>
        <Red>0</Red>
        <Green>0</Green>
        <Blue>0</Blue>
      </Color>
      <Visible>false</Visible>
    </Outline>
    <Background xsi:type="attribute:ColorDefinition">
      <Transparency>255</Transparency>
      <Red>255</Red>
      <Green>255</Green>
      <Blue>255</Blue>
    </Background>
    <Visible>true</Visible>
  </Block>
  <Dimension>Two_Dimensional_With_Depth</Dimension>
  <SeriesThickness>10.0</SeriesThickness>
  <ExtendedProperties>
    <Name>enable.area.alt</Name>
    <Value>false</Value>
  </ExtendedProperties>
  <Interactivity/>
  <EmptyMessage>
    <Caption>
      <Value>This chart contains no data.</Value>
      <Font>
        <Name>SansSerif</Name>
        <Size>12.0</Size>
        <Bold>false</Bold>
        <Italic>false</Italic>
        <Strikethrough>false</Strikethrough>
        <Underline>false</Underline>
        <WordWrap>false</WordWrap>
        <Alignment>
          <horizontalAlignment>Center</horizontalAlignment>
          <verticalAlignment>Center</verticalAlignment>
        </Alignment>
        <Rotation>0.0</Rotation>
      </Font>
      <Color>
        <Transparency>255</Transparency>
        <Red>0</Red>
        <Green>0</Green>
        <Blue>0</Blue>
      </Color>
    </Caption>
    <Background xsi:type="attribute:ColorDefinition">
      <Transparency>64</Transparency>
      <Red>127</Red>
      <Green>127</Green>
      <Blue>127</Blue>
    </Background>
    <Outline>
      <Color>
        <Transparency>128</Transparency>
        <Red>127</Red>
        <Green>127</Green>
        <Blue>127</Blue>
      </Color>
      <Visible>true</Visible>
    </Outline>
    <Insets>
      <Top>10.0</Top>
      <Left>10.0</Left>
      <Bottom>10.0</Bottom>
      <Right>10.0</Right>
    </Insets>
    <Visible>false</Visible>
  </EmptyMessage>
  <Axes>
    <Type>Text</Type>
    <Title>
      <Caption>
        <Value>X-Axis Title</Value>
        <Font>
          <Name>SansSerif</Name>
          <Size>14.0</Size>
          <Bold>true</Bold>
          <Italic>false</Italic>
          <Strikethrough>false</Strikethrough>
          <Underline>false</Underline>
          <WordWrap>false</WordWrap>
          <Alignment>
            <horizontalAlignment>Center</horizontalAlignment>
            <verticalAlignment>Center</verticalAlignment>
          </Alignment>
          <Rotation>0.0</Rotation>
        </Font>
        <Color>
          <Transparency>255</Transparency>
          <Red>0</Red>
          <Green>0</Green>
          <Blue>0</Blue>
        </Color>
      </Caption>
      <Background xsi:type="attribute:ColorDefinition">
        <Transparency>0</Transparency>
        <Red>255</Red>
        <Green>255</Green>
        <Blue>255</Blue>
      </Background>
      <Outline>
        <Style>Solid</Style>
        <Thickness>1</Thickness>
        <Color>
          <Transparency>255</Transparency>
          <Red>0</Red>
          <Green>0</Green>
          <Blue>0</Blue>
        </Color>
      </Outline>
      <Insets>
        <Top>0.0</Top>
        <Left>2.0</Left>
        <Bottom>0.0</Bottom>
        <Right>3.0</Right>
      </Insets>
      <Visible>false</Visible>
    </Title>
    <TitlePosition>Below</TitlePosition>
    <AssociatedAxes>
      <Type>Linear</Type>
      <Title>
        <Caption>
          <Value>Y-Axis Title</Value>
          <Font>
            <Name>SansSerif</Name>
            <Size>12.0</Size>
            <Bold>false</Bold>
            <Italic>false</Italic>
            <Strikethrough>false</Strikethrough>
            <Underline>false</Underline>
            <WordWrap>false</WordWrap>
            <Alignment>
              <horizontalAlignment>Left</horizontalAlignment>
            </Alignment>
            <Rotation>0.0</Rotation>
          </Font>
          <Color>
            <Transparency>255</Transparency>
            <Red>0</Red>
            <Green>0</Green>
            <Blue>0</Blue>
          </Color>
        </Caption>
        <Background xsi:type="attribute:ColorDefinition">
          <Transparency>0</Transparency>
          <Red>255</Red>
          <Green>255</Green>
          <Blue>255</Blue>
        </Background>
        <Outline>
          <Style>Solid</Style>
          <Thickness>1</Thickness>
          <Color>
            <Transparency>255</Transparency>
            <Red>0</Red>
            <Green>0</Green>
            <Blue>0</Blue>
          </Color>
        </Outline>
        <ShadowColor>
          <Transparency>0</Transparency>
          <Red>255</Red>
          <Green>255</Green>
          <Blue>255</Blue>
        </ShadowColor>
        <Insets>
          <Top>0.0</Top>
          <Left>2.0</Left>
          <Bottom>0.0</Bottom>
          <Right>3.0</Right>
        </Insets>
        <Visible>false</Visible>
      </Title>
      <TitlePosition>Left</TitlePosition>
      <SeriesDefinitions>
        <Query>
          <Definition></Definition>
        </Query>
        <SeriesPalette>
          <Entries xsi:type="attribute:ColorDefinition">
            <Transparency>255</Transparency>
            <Red>127</Red>
            <Green>127</Green>
            <Blue>127</Blue>
          </Entries>
        </SeriesPalette>
        <Series xsi:type="type:BarSeries">
          <Visible>true</Visible>
          <Label>
            <Caption>
              <Value></Value>
              <Font>
                <Name>SansSerif</Name>
                <Size>12.0</Size>
                <Bold>false</Bold>
                <Italic>false</Italic>
                <Strikethrough>false</Strikethrough>
                <Underline>false</Underline>
                <WordWrap>false</WordWrap>
                <Alignment>
                  <horizontalAlignment>Left</horizontalAlignment>
                </Alignment>
                <Rotation>0.0</Rotation>
              </Font>
              <Color>
                <Transparency>255</Transparency>
                <Red>0</Red>
                <Green>0</Green>
                <Blue>0</Blue>
              </Color>
            </Caption>
            <Background xsi:type="attribute:ColorDefinition">
              <Transparency>0</Transparency>
              <Red>255</Red>
              <Green>255</Green>
              <Blue>255</Blue>
            </Background>
            <Outline>
              <Style>Solid</Style>
              <Thickness>1</Thickness>
              <Color>
                <Transparency>255</Transparency>
                <Red>0</Red>
                <Green>0</Green>
                <Blue>0</Blue>
              </Color>
              <Visible>false</Visible>
            </Outline>
            <Insets>
              <Top>0.0</Top>
              <Left>2.0</Left>
              <Bottom>0.0</Bottom>
              <Right>3.0</Right>
            </Insets>
            <Visible>false</Visible>
          </Label>
          <DataDefinition>
            <Definition>row[&quot;YSeries&quot;]</Definition>
          </DataDefinition>
          <SeriesIdentifier></SeriesIdentifier>
          <DataPoint>
            <Components>
              <Type>Orthogonal_Value</Type>
            </Components>
            <Separator>, </Separator>
          </DataPoint>
          <LabelPosition>Outside</LabelPosition>
          <Stacked>false</Stacked>
          <Riser>Rectangle</Riser>
        </Series>
        <Grouping>
          <GroupType>Text</GroupType>
          <AggregateExpression>Sum</AggregateExpression>
        </Grouping>
      </SeriesDefinitions>
      <Orientation>Vertical</Orientation>
      <LineAttributes>
        <Style>Solid</Style>
        <Thickness>1</Thickness>
        <Color>
          <Transparency>255</Transparency>
          <Red>0</Red>
          <Green>0</Green>
          <Blue>0</Blue>
        </Color>
        <Visible>false</Visible>
      </LineAttributes>
      <Label>
        <Caption>
          <Value></Value>
          <Font>
            <Name>SansSerif</Name>
            <Size>12.0</Size>
            <Bold>false</Bold>
            <Italic>false</Italic>
            <Strikethrough>false</Strikethrough>
            <Underline>false</Underline>
            <WordWrap>false</WordWrap>
            <Alignment>
              <horizontalAlignment>Left</horizontalAlignment>
            </Alignment>
            <Rotation>0.0</Rotation>
          </Font>
          <Color>
            <Transparency>255</Transparency>
            <Red>0</Red>
            <Green>0</Green>
            <Blue>0</Blue>
          </Color>
        </Caption>
        <Background xsi:type="attribute:ColorDefinition">
          <Transparency>0</Transparency>
          <Red>255</Red>
          <Green>255</Green>
          <Blue>255</Blue>
        </Background>
        <Outline>
          <Style>Solid</Style>
          <Thickness>1</Thickness>
          <Color>
            <Transparency>255</Transparency>
            <Red>0</Red>
            <Green>0</Green>
            <Blue>0</Blue>
          </Color>
        </Outline>
        <ShadowColor>
          <Transparency>0</Transparency>
          <Red>255</Red>
          <Green>255</Green>
          <Blue>255</Blue>
        </ShadowColor>
        <Insets>
          <Top>0.0</Top>
          <Left>2.0</Left>
          <Bottom>0.0</Bottom>
          <Right>3.0</Right>
        </Insets>
        <Visible>true</Visible>
      </Label>
      <LabelPosition>Left</LabelPosition>
      <MajorGrid>
        <LineAttributes>
          <Style>Solid</Style>
          <Thickness>1</Thickness>
          <Color>
            <Transparency>255</Transparency>
            <Red>196</Red>
            <Green>196</Green>
            <Blue>196</Blue>
          </Color>
          <Visible>false</Visible>
        </LineAttributes>
        <TickStyle>Across</TickStyle>
        <TickAttributes>
          <Style>Solid</Style>
          <Thickness>1</Thickness>
          <Color>
            <Transparency>255</Transparency>
            <Red>196</Red>
            <Green>196</Green>
            <Blue>196</Blue>
          </Color>
          <Visible>true</Visible>
        </TickAttributes>
      </MajorGrid>
      <MinorGrid>
        <LineAttributes>
          <Style>Solid</Style>
          <Thickness>1</Thickness>
          <Color>
            <Transparency>255</Transparency>
            <Red>225</Red>
            <Green>225</Green>
            <Blue>225</Blue>
          </Color>
          <Visible>false</Visible>
        </LineAttributes>
        <TickStyle>Across</TickStyle>
        <TickAttributes>
          <Style>Solid</Style>
          <Thickness>1</Thickness>
          <Color>
            <Transparency>255</Transparency>
            <Red>225</Red>
            <Green>225</Green>
            <Blue>225</Blue>
          </Color>
          <Visible>false</Visible>
        </TickAttributes>
      </MinorGrid>
      <Scale>
        <MinorGridsPerUnit>5</MinorGridsPerUnit>
      </Scale>
      <Origin>
        <Type>Min</Type>
        <Value xsi:type="data:NumberDataElement">
          <Value>0.0</Value>
        </Value>
      </Origin>
      <PrimaryAxis>true</PrimaryAxis>
      <Percent>false</Percent>
    </AssociatedAxes>
    <SeriesDefinitions>
      <Query>
        <Definition></Definition>
      </Query>
      <SeriesPalette>
        <Entries xsi:type="attribute:ColorDefinition">
          <Transparency>255</Transparency>
          <Red>127</Red>
          <Green>127</Green>
          <Blue>127</Blue>
        </Entries>
      </SeriesPalette>
      <Series>
        <Visible>true</Visible>
        <Label>
          <Caption>
            <Value></Value>
            <Font>
              <Name>SansSerif</Name>
              <Size>12.0</Size>
              <Bold>false</Bold>
              <Italic>false</Italic>
              <Strikethrough>false</Strikethrough>
              <Underline>false</Underline>
              <WordWrap>false</WordWrap>
              <Alignment>
                <horizontalAlignment>Left</horizontalAlignment>
              </Alignment>
              <Rotation>0.0</Rotation>
            </Font>
            <Color>
              <Transparency>255</Transparency>
              <Red>0</Red>
              <Green>0</Green>
              <Blue>0</Blue>
            </Color>
          </Caption>
          <Background xsi:type="attribute:ColorDefinition">
            <Transparency>0</Transparency>
            <Red>255</Red>
            <Green>255</Green>
            <Blue>255</Blue>
          </Background>
          <Outline>
            <Style>Solid</Style>
            <Thickness>1</Thickness>
            <Color>
              <Transparency>255</Transparency>
              <Red>0</Red>
              <Green>0</Green>
              <Blue>0</Blue>
            </Color>
            <Visible>false</Visible>
          </Outline>
          <Insets>
            <Top>0.0</Top>
            <Left>2.0</Left>
            <Bottom>0.0</Bottom>
            <Right>3.0</Right>
          </Insets>
          <Visible>false</Visible>
        </Label>
        <DataDefinition>
          <Definition>row[&quot;XSeries&quot;]</Definition>
        </DataDefinition>
        <SeriesIdentifier></SeriesIdentifier>
        <DataPoint>
          <Components>
            <Type>Orthogonal_Value</Type>
          </Components>
          <Separator>, </Separator>
        </DataPoint>
        <LabelPosition>Outside</LabelPosition>
        <Stacked>false</Stacked>
      </Series>
      <Grouping>
        <GroupType>Text</GroupType>
        <AggregateExpression>Sum</AggregateExpression>
      </Grouping>
    </SeriesDefinitions>
    <Orientation>Horizontal</Orientation>
    <LineAttributes>
      <Style>Solid</Style>
      <Thickness>1</Thickness>
      <Color>
        <Transparency>255</Transparency>
        <Red>0</Red>
        <Green>0</Green>
        <Blue>0</Blue>
      </Color>
      <Visible>false</Visible>
    </LineAttributes>
    <Label>
      <Caption>
        <Value></Value>
        <Font>
          <Name>SansSerif</Name>
          <Size>12.0</Size>
          <Bold>false</Bold>
          <Italic>false</Italic>
          <Strikethrough>false</Strikethrough>
          <Underline>false</Underline>
          <WordWrap>false</WordWrap>
          <Alignment>
            <horizontalAlignment>Left</horizontalAlignment>
          </Alignment>
          <Rotation>0.0</Rotation>
        </Font>
        <Color>
          <Transparency>255</Transparency>
          <Red>0</Red>
          <Green>0</Green>
          <Blue>0</Blue>
        </Color>
      </Caption>
      <Background xsi:type="attribute:ColorDefinition">
        <Transparency>0</Transparency>
        <Red>255</Red>
        <Green>255</Green>
        <Blue>255</Blue>
      </Background>
      <Outline>
        <Style>Solid</Style>
        <Thickness>1</Thickness>
        <Color>
          <Transparency>255</Transparency>
          <Red>0</Red>
          <Green>0</Green>
          <Blue>0</Blue>
        </Color>
      </Outline>
      <ShadowColor>
        <Transparency>0</Transparency>
        <Red>255</Red>
        <Green>255</Green>
        <Blue>255</Blue>
      </ShadowColor>
      <Insets>
        <Top>0.0</Top>
        <Left>2.0</Left>
        <Bottom>0.0</Bottom>
        <Right>3.0</Right>
      </Insets>
      <Visible>true</Visible>
    </Label>
    <LabelPosition>Below</LabelPosition>
    <MajorGrid>
      <LineAttributes>
        <Style>Solid</Style>
        <Thickness>1</Thickness>
        <Color>
          <Transparency>255</Transparency>
          <Red>196</Red>
          <Green>196</Green>
          <Blue>196</Blue>
        </Color>
        <Visible>false</Visible>
      </LineAttributes>
      <TickStyle>Across</TickStyle>
      <TickAttributes>
        <Style>Solid</Style>
        <Thickness>1</Thickness>
        <Color>
          <Transparency>255</Transparency>
          <Red>196</Red>
          <Green>196</Green>
          <Blue>196</Blue>
        </Color>
        <Visible>false</Visible>
      </TickAttributes>
    </MajorGrid>
    <MinorGrid>
      <LineAttributes>
        <Style>Solid</Style>
        <Thickness>1</Thickness>
        <Color>
          <Transparency>255</Transparency>
          <Red>225</Red>
          <Green>225</Green>
          <Blue>225</Blue>
        </Color>
        <Visible>false</Visible>
      </LineAttributes>
      <TickStyle>Across</TickStyle>
      <TickAttributes>
        <Style>Solid</Style>
        <Thickness>1</Thickness>
        <Color>
          <Transparency>255</Transparency>
          <Red>225</Red>
          <Green>225</Green>
          <Blue>225</Blue>
        </Color>
        <Visible>false</Visible>
      </TickAttributes>
    </MinorGrid>
    <Scale>
      <MinorGridsPerUnit>5</MinorGridsPerUnit>
    </Scale>
    <Origin>
      <Type>Min</Type>
      <Value xsi:type="data:NumberDataElement">
        <Value>0.0</Value>
      </Value>
    </Origin>
    <PrimaryAxis>true</PrimaryAxis>
    <Percent>false</Percent>
  </Axes>
  <Orientation>Horizontal</Orientation>
  <Rotation/>
</model:ChartWithAxes>
