<?xml version="1.0" encoding="UTF-8"?>
<!--
  Resources: Google: feiertage, http://www.feiertagskalender.ch/
  Example formulas:
  <holiday id="easter" date="01.04.0000" weekday="Sunday" instance="2" color="RRGGBB" text_de="Easter" tooltip_de="..." text_en="..." tooltip_en="..."/>
  <holiday id="pfingsten" relativeTo="easter" weekday="Sunday" instance="2" color="RRGGBB" text_de="..." tooltip_de="..." text_en="..." tooltip_en="..."/>
-->
<holidays>
  <!-- 2008 CH -->
  <holiday date="31.01.2008" color="CCFFCC" text_de="Schmutziger Donnerstag" text_fr="Jeudi gras" text_it="Giovedì grasso" text_en="Carnival Thursday" />
  <holiday date="06.02.2008" color="CCFFCC" text_de="Aschermittwoch" text_fr="Mercredi des Cendres" text_it="Mercoledì delle Ceneri" text_en="Ash Wednesday" />
  <holiday date="16.03.2008" color="CCFFCC" text_de="Palmsonntag" text_fr="Dimanche des Rameaux" text_it="Le Palme" text_en="Palm Sunday" />
  <holiday date="21.03.2008" color="CCFFCC" text_de="Karfreitag" text_fr="Vendredi Saint" text_it="Venerdì santo" text_en="Good Friday" />
  <holiday date="23.03.2008" color="CCFFCC" text_de="Ostern" text_fr="Pâques" text_it="Pasqua" text_en="Easter" />
  <holiday date="24.03.2008" color="CCFFCC" text_de="Ostermontag" text_fr="Lundi de Pâques" text_it="Lunedì di Pasqua (Pasquetta)" text_en="Easter Monday" />
  <holiday date="14.04.2008" color="CCFFCC" text_de="Sechseläuten" text_fr="Sechseläuten" text_it="Sechseläuten" text_en="Sechseläuten" />
  <holiday date="01.05.2008" color="CCFFCC" text_de="Tag der Arbeit" text_fr="Fête du travail" text_it="Festa del lavoro" text_en="Labour Day" />
  <holiday date="01.05.2008" color="CCFFCC" text_de="Auffahrt" text_fr="Ascension" text_it="Ascensione" text_en="Ascension Day" />
  <holiday date="11.05.2008" color="CCFFCC" text_de="Muttertag" text_fr="Fête des mères" text_it="Festa della mamma" text_en="Mother's Day" />
  <holiday date="11.05.2008" color="CCFFCC" text_de="Pfingsten" text_fr="Pentecôte" text_it="Pentecoste" text_en="Whitsun" />
  <holiday date="12.05.2008" color="CCFFCC" text_de="Pfingstmontag" text_fr="Lundi de Pentecôte" text_it="Lunedì di Pentecoste" text_en="Whit Monday" />
  <holiday date="22.05.2008" color="CCFFCC" text_de="Fronleichnam" text_fr="Fête-Dieu" text_it="Corpus Domini" text_en="Corpus Christi" />
  <holiday date="01.08.2008" color="CCFFCC" text_de="Nationalfeiertag Schweiz" text_fr="Fête nationale Suisse" text_it="Festa nazionale della Svizzera" text_en="Swiss National Holiday" />
  <holiday date="15.08.2008" color="CCFFCC" text_de="Mariä Himmelfahrt" text_fr="Assomption" text_it="Assunzione" text_en="Assumption Day" />
  <holiday date="15.09.2008" color="CCFFCC" text_de="Knabenschiessen" text_fr="Knabenschiessen" text_it="Knabenschiessen" text_en="Knabenschiessen" />
  <holiday date="21.09.2008" color="CCFFCC" text_de="Eidg. Dank-, Buss- und Bettag" text_fr="Jeûne fédéral" text_it="Digiuno federale" text_en="Federal Prayday" />
  <holiday date="01.11.2008" color="CCFFCC" text_de="Allerheiligen" text_fr="La Toussaint" text_it="Ognissanti" text_en="All Saints' Day" />
  <holiday date="24.12.2008" color="CCFFCC" text_de="Heiliger Abend" text_fr="Veille de Noël" text_it="Vigilia di Natale" text_en="Christmas Eve" />
  <holiday date="25.12.2008" color="CCFFCC" text_de="Weihnachten" text_fr="Noël" text_it="Natale" text_en="Christmas" />
  <holiday date="26.12.2008" color="CCFFCC" text_de="Stephanstag" text_fr="Saint Etienne" text_it="Santo Stefano" text_en="St. Stephen's Day" />
  <holiday date="31.12.2008" color="CCFFCC" text_de="Silvester" text_fr="Saint-Sylvestre" text_it="San Silvestro" text_en="New Year's Eve" />
  <!-- 2011 CH -->
  <holiday date="03.03.2011" color="CCFFCC" text_de="Schmutziger Donnerstag" text_fr="Jeudi gras" text_it="Giovedì grasso" text_en="Carnival Thursday" />
  <holiday date="09.03.2011" color="CCFFCC" text_de="Aschermittwoch" text_fr="Mercredi des Cendres" text_it="Mercoledì delle Ceneri" text_en="Ash Wednesday" />
  <holiday date="17.04.2011" color="CCFFCC" text_de="Palmsonntag" text_fr="Dimanche des Rameaux" text_it="Le Palme" text_en="Palm Sunday" />
  <holiday date="22.04.2011" color="CCFFCC" text_de="Karfreitag" text_fr="Vendredi Saint" text_it="Venerdì santo" text_en="Good Friday" />
  <holiday date="24.04.2011" color="CCFFCC" text_de="Ostern" text_fr="Pâques" text_it="Pasqua" text_en="Easter" />
  <holiday date="25.04.2011" color="CCFFCC" text_de="Ostermontag" text_fr="Lundi de Pâques" text_it="Lunedì di Pasqua (Pasquetta)" text_en="Easter Monday" />
  <holiday date="11.04.2011" color="CCFFCC" text_de="Sechseläuten" text_fr="Sechseläuten" text_it="Sechseläuten" text_en="Sechseläuten" />
  <holiday date="01.05.2011" color="CCFFCC" text_de="Tag der Arbeit" text_fr="Fête du travail" text_it="Festa del lavoro" text_en="Labour Day" />
  <holiday date="02.06.2011" color="CCFFCC" text_de="Auffahrt" text_fr="Ascension" text_it="Ascensione" text_en="Ascension Day" />
  <holiday date="08.05.2011" color="CCFFCC" text_de="Muttertag" text_fr="Fête des mères" text_it="Festa della mamma" text_en="Mother's Day" />
  <holiday date="12.06.2011" color="CCFFCC" text_de="Pfingsten" text_fr="Pentecôte" text_it="Pentecoste" text_en="Whitsun" />
  <holiday date="13.06.2011" color="CCFFCC" text_de="Pfingstmontag" text_fr="Lundi de Pentecôte" text_it="Lunedì di Pentecoste" text_en="Whit Monday" />
  <holiday date="23.06.2011" color="CCFFCC" text_de="Fronleichnam" text_fr="Fête-Dieu" text_it="Corpus Domini" text_en="Corpus Christi" />
  <holiday date="01.08.2011" color="CCFFCC" text_de="Nationalfeiertag Schweiz" text_fr="Fête nationale Suisse" text_it="Festa nazionale della Svizzera" text_en="Swiss National Holiday" />
  <holiday date="15.08.2011" color="CCFFCC" text_de="Mariä Himmelfahrt" text_fr="Assomption" text_it="Assunzione" text_en="Assumption Day" />
  <holiday date="12.09.2011" color="CCFFCC" text_de="Knabenschiessen" text_fr="Knabenschiessen" text_it="Knabenschiessen" text_en="Knabenschiessen" />
  <holiday date="18.09.2011" color="CCFFCC" text_de="Eidg. Dank-, Buss- und Bettag" text_fr="Jeûne fédéral" text_it="Digiuno federale" text_en="Federal Prayday" />
  <holiday date="01.11.2011" color="CCFFCC" text_de="Allerheiligen" text_fr="La Toussaint" text_it="Ognissanti" text_en="All Saints' Day" />
  <holiday date="24.12.2011" color="CCFFCC" text_de="Heiliger Abend" text_fr="Veille de Noël" text_it="Vigilia di Natale" text_en="Christmas Eve" />
  <holiday date="25.12.2011" color="CCFFCC" text_de="Weihnachten" text_fr="Noël" text_it="Natale" text_en="Christmas" />
  <holiday date="26.12.2011" color="CCFFCC" text_de="Stephanstag" text_fr="Saint Etienne" text_it="Santo Stefano" text_en="St. Stephen's Day" />
  <holiday date="31.12.2011" color="CCFFCC" text_de="Silvester" text_fr="Saint-Sylvestre" text_it="San Silvestro" text_en="New Year's Eve" />
  <!-- 2013 CH -->
  <holiday date="01.01.2013" color="CCFFCC" text_de="Neujahrstag" text_fr="Jour de l'an" text_it="Capodanno" text_en="New Year's Day" />
  <holiday date="02.01.2013" color="CCFFCC" text_de="Berchtoldstag" text_fr="Jour de la Saint-Berthold" text_it="St. Berchtold's" text_en="St. Berchtold's" />
  <holiday date="07.02.2013" color="CCFFCC" text_de="Schmutziger Donnerstag" text_fr="Jeudi gras" text_it="Giovedì grasso" text_en="Carnival Thursday" />
  <holiday date="13.02.2013" color="CCFFCC" text_de="Aschermittwoch" text_fr="Mercredi des Cendres" text_it="Mercoledì delle Ceneri" text_en="Ash Wednesday" />
  <holiday date="24.03.2013" color="CCFFCC" text_de="Palmsonntag" text_fr="Dimanche des Rameaux" text_it="Le Palme" text_en="Palm Sunday" />
  <holiday date="29.03.2013" color="CCFFCC" text_de="Karfreitag" text_fr="Vendredi Saint" text_it="Venerdì santo" text_en="Good Friday" />
  <holiday date="31.03.2013" color="CCFFCC" text_de="Ostern" text_fr="Pâques" text_it="Pasqua" text_en="Easter" />
  <holiday date="01.04.2013" color="CCFFCC" text_de="Ostermontag" text_fr="Lundi de Pâques" text_it="Lunedì di Pasqua (Pasquetta)" text_en="Easter Monday" />
  <holiday date="15.04.2013" color="CCFFCC" text_de="Sechseläuten" text_fr="Sechseläuten" text_it="Sechseläuten" text_en="Sechseläuten" />
  <holiday date="01.05.2013" color="CCFFCC" text_de="Tag der Arbeit" text_fr="Fête du travail" text_it="Festa del lavoro" text_en="Labour Day" />
  <holiday date="09.05.2013" color="CCFFCC" text_de="Auffahrt" text_fr="Ascension" text_it="Ascensione" text_en="Ascension Day" />
  <holiday date="12.05.2013" color="CCFFCC" text_de="Muttertag" text_fr="Fête des mères" text_it="Festa della mamma" text_en="Mother's Day" />
  <holiday date="19.05.2013" color="CCFFCC" text_de="Pfingsten" text_fr="Pentecôte" text_it="Pentecoste" text_en="Whitsun" />
  <holiday date="20.05.2013" color="CCFFCC" text_de="Pfingstmontag" text_fr="Lundi de Pentecôte" text_it="Lunedì di Pentecoste" text_en="Whit Monday" />
  <holiday date="30.05.2013" color="CCFFCC" text_de="Fronleichnam" text_fr="Fête-Dieu" text_it="Corpus Domini" text_en="Corpus Christi" />
  <holiday date="01.08.2013" color="CCFFCC" text_de="Nationalfeiertag Schweiz" text_fr="Fête nationale Suisse" text_it="Festa nazionale della Svizzera" text_en="Swiss National Holiday" />
  <holiday date="15.08.2013" color="CCFFCC" text_de="Mariä Himmelfahrt" text_fr="Assomption" text_it="Assunzione" text_en="Assumption Day" />
  <holiday date="16.09.2013" color="CCFFCC" text_de="Eidg. Dank-, Buss- und Bettag" text_fr="Jeûne fédéral" text_it="Digiuno federale" text_en="Federal Prayday" />
  <holiday date="01.11.2013" color="CCFFCC" text_de="Allerheiligen" text_fr="La Toussaint" text_it="Ognissanti" text_en="All Saints' Day" />
  <holiday date="24.12.2013" color="CCFFCC" text_de="Heiliger Abend" text_fr="Veille de Noël" text_it="Vigilia di Natale" text_en="Christmas Eve" />
  <holiday date="25.12.2013" color="CCFFCC" text_de="Weihnachten" text_fr="Noël" text_it="Natale" text_en="Christmas" />
  <holiday date="26.12.2013" color="CCFFCC" text_de="Stephanstag" text_fr="Saint Etienne" text_it="Santo Stefano" text_en="St. Stephen's Day" />
  <holiday date="31.12.2013" color="CCFFCC" text_de="Silvester" text_fr="Saint-Sylvestre" text_it="San Silvestro" text_en="New Year's Eve" />
</holidays>
