<?xml version="1.0" encoding="UTF-8"?>
<spellchecker>
  <language id="any">
    <dictionary>sc_dict_any_01.tlx</dictionary>
    <dictionary>sc_dict_any_02.tlx</dictionary>
    <option id="IGNORE_NON_ALPHA_WORD_OPT" >true</option>
    <option id="REPORT_DOUBLED_WORD_OPT"   >true</option>
    <option id="SPLIT_HYPHENATED_WORDS_OPT">true</option>
    <option id="REPORT_MIXED_CASE_OPT"     >false</option>  <!-- Setting to true can cause performance problems -->
  </language> 
  <language id="en_CA">
    <dictionary>sc_dict_en-ca_01.tlx</dictionary>
    <dictionary>sc_dict_en-ca_02.tlx</dictionary>
    <dictionary>sc_dict_en-ca_03.clx</dictionary>
    <option id="ALLOW_ACCENTED_CAPS_OPT">true</option>
    <option id="SPLIT_CONTRACTED_WORDS_OPT">false</option>
    <option id="STRIP_POSSESSIVES_OPT">true</option>
    <option id="SPLIT_WORDS_OPT">false</option>
  </language>
  <language id="en_UK">
    <dictionary>sc_dict_en-uk_01.tlx</dictionary>
    <dictionary>sc_dict_en-uk_02.tlx</dictionary>
    <dictionary>sc_dict_en-uk_03.clx</dictionary>
    <option id="ALLOW_ACCENTED_CAPS_OPT">true</option>
    <option id="SPLIT_CONTRACTED_WORDS_OPT">false</option>
    <option id="STRIP_POSSESSIVES_OPT">true</option>
    <option id="SPLIT_WORDS_OPT">false</option>
  </language>
  <language id="en_US">
    <dictionary>sc_dict_en-us_01.tlx</dictionary>
    <dictionary>sc_dict_en-us_02.tlx</dictionary>
    <dictionary>sc_dict_en-us_03.clx</dictionary>
    <option id="ALLOW_ACCENTED_CAPS_OPT">true</option>
    <option id="SPLIT_CONTRACTED_WORDS_OPT">false</option>
    <option id="STRIP_POSSESSIVES_OPT">true</option>
    <option id="SPLIT_WORDS_OPT">false</option>
  </language>
  <language id="fr_CA">
    <dictionary>sc_dict_fr-ca_01.tlx</dictionary>
    <dictionary>sc_dict_fr-ca_02.tlx</dictionary>
    <dictionary>sc_dict_fr-fr_03.clx</dictionary>
    <option id="ALLOW_ACCENTED_CAPS_OPT">false</option>
    <option id="SPLIT_CONTRACTED_WORDS_OPT">true</option>
    <option id="STRIP_POSSESSIVES_OPT">true</option>
    <option id="SPLIT_WORDS_OPT">false</option>
  </language>
  <language id="fr_FR">
    <dictionary>sc_dict_fr-fr_01.tlx</dictionary>
    <dictionary>sc_dict_fr-fr_02.tlx</dictionary>
    <dictionary>sc_dict_fr-fr_03.clx</dictionary>
    <option id="ALLOW_ACCENTED_CAPS_OPT">true</option>
    <option id="SPLIT_CONTRACTED_WORDS_OPT">true</option>
    <option id="STRIP_POSSESSIVES_OPT">true</option>
    <option id="SPLIT_WORDS_OPT">false</option>
  </language>
  <language id="de_AT">
    <dictionary>sc_dict_ge-at_01.tlx</dictionary>
    <dictionary>sc_dict_ge-at_02.tlx</dictionary>
    <dictionary>sc_dict_ge-de_03.clx</dictionary>
    <option id="ALLOW_ACCENTED_CAPS_OPT">true</option>
    <option id="SPLIT_CONTRACTED_WORDS_OPT" >false</option>
    <option id="STRIP_POSSESSIVES_OPT"  >true</option>
    <option id="SPLIT_WORDS_OPT"        >true</option>
  </language>
  <language id="de_CH">
    <dictionary>sc_dict_ge-ch_01.tlx</dictionary>
    <dictionary>sc_dict_ge-ch_02.tlx</dictionary>
    <dictionary>sc_dict_ge-de_03.clx</dictionary>
    <option id="ALLOW_ACCENTED_CAPS_OPT">true</option>
    <option id="SPLIT_CONTRACTED_WORDS_OPT">false</option>
    <option id="STRIP_POSSESSIVES_OPT">true</option>
    <option id="SPLIT_WORDS_OPT">true</option>
  </language>
  <language id="de_DE">
    <dictionary>sc_dict_ge-de_01.tlx</dictionary>
    <dictionary>sc_dict_ge-de_02.tlx</dictionary>
    <dictionary>sc_dict_ge-de_03.clx</dictionary>
    <option id="ALLOW_ACCENTED_CAPS_OPT">true</option>
    <option id="SPLIT_CONTRACTED_WORDS_OPT">false</option>
    <option id="STRIP_POSSESSIVES_OPT">true</option>
    <option id="SPLIT_WORDS_OPT">true</option>
  </language>
  <language id="it_IT">
    <dictionary>sc_dict_it-it_01.tlx</dictionary>
    <dictionary>sc_dict_it-it_02.tlx</dictionary>
    <dictionary>sc_dict_it-it_03.clx</dictionary>
    <option id="ALLOW_ACCENTED_CAPS_OPT">true</option>
    <option id="SPLIT_CONTRACTED_WORDS_OPT">true</option>
    <option id="STRIP_POSSESSIVES_OPT">true</option>
    <option id="SPLIT_WORDS_OPT">false</option>
  </language>
  <language id="es_ES">
    <dictionary>sc_dict_sp-es_01.tlx</dictionary>
    <dictionary>sc_dict_sp-es_02.tlx</dictionary>
    <dictionary>sc_dict_sp-es_03.clx</dictionary>
    <option id="ALLOW_ACCENTED_CAPS_OPT">true</option>
    <option id="SPLIT_CONTRACTED_WORDS_OPT">false</option>
    <option id="STRIP_POSSESSIVES_OPT">true</option>
    <option id="SPLIT_WORDS_OPT">false</option>
  </language>
</spellchecker>
